Sr,CaseType,CaseNo,CaseYear,CaseLabel,BillingStatus,AllotmentDate,NumAppearances
1,WP,1069,2021,WP/1069/2021,DISPOSED,22-02-2024,2
2,WP,13061,2022,WP/13061/2022,ONGOING,22-02-2024,1
3,WP,5486,2017,WP/5486/2017,DISPOSED,22-02-2024,2
4,WP,8246,2023,WP/8246/2023,DISPOSED,22-02-2024,3
5,WP,8247,2023,WP/8247/2023,DISPOSED,22-02-2024,3
6,WP,12039,2019,WP/12039/2019,DISPOSED,23-02-2024,3
7,WP,2189,2024,WP/2189/2024,DISPOSED,23-02-2024,1
8,WP,8786,2021,WP/8786/2021,ONGOING,23-02-2024,11
9,WP,10463,2022,WP/10463/2022,ONGOING,26-02-2024,2
10,WP,16761,2023,WP/16761/2023,ONGOING,26-02-2024,1
11,WP,9495,2023,WP/9495/2023,ONGOING,26-02-2024,4
12,WP,1041,2011,WP/1041/2011,ONGOING,27-02-2024,1
13,WP,13122,2023,WP/13122/2023,ONGOING,27-02-2024,3
14,WP,6755,2023,WP/6755/2023,ONGOING,27-02-2024,3
15,WP,2640,2024,WP/2640/2024,ONGOING,28-02-2024,4
16,WP,599,2023,WP/599/2023,ONGOING,28-02-2024,2
17,WP,2663,2024,WP/2663/2024,DISPOSED,29-02-2024,1
18,WP,3272,2023,WP/3272/2023,ONGOING,29-02-2024,1
19,WP,4853,2015,WP/4853/2015,ONGOING,29-02-2024,3
20,WP,1289,2024,WP/1289/2024,DISPOSED,01-03-2024,1
21,WP,15653,2023,WP/15653/2023,ONGOING,01-03-2024,8
22,WP,7456,2012,"WP/7456/2012
WITH CAW/1031/2014",ONGOING,01-03-2024,1
23,WP,12104,2019,WP/12104/2019,DISPOSED,04-03-2024,1
24,WP,12120,2019,WP/12120/2019,DISPOSED,04-03-2024,1
25,WP,2877,2024,WP/2877/2024,ONGOING,04-03-2024,6
26,WP,8994,2017,WP/8994/2017,ONGOING,04-03-2024,1
27,WP,948,2017,WP/948/2017,ONGOING,04-03-2024,6
28,WP,9496,2022,WP/9496/2022,ONGOING,04-03-2024,2
29,CP,163,2024,CP/163/2024,ONGOING,05-03-2024,6
30,WP,1414,2024,WP/1414/2024,DISPOSED,05-03-2024,1
31,CP,156,2024,CP/156/2024,DISPOSED,06-03-2024,3
32,CP,157,2024,CP/157/2024,ONGOING,06-03-2024,1
33,CP,158,2024,CP/158/2024,DISPOSED,06-03-2024,3
34,CP,159,2024,CP/159/2024,ONGOING,06-03-2024,1
35,WP(ST),14246,2017,WP(ST)/14246/2017,ONGOING,06-03-2024,2
36,WP(ST),17854,2017,WP(ST)/17854/2017,ONGOING,06-03-2024,2
37,WP(ST),21363,2017,"WP(ST)/21363/2017
WITH CAW/1169/2018",ONGOING,06-03-2024,1
38,WP,2107,2024,WP/2107/2024,ONGOING,06-03-2024,4
39,WP,2445,2022,WP/2445/2022,DISPOSED,06-03-2024,1
40,WP,3510,2015,WP/3510/2015,DISPOSED,06-03-2024,1
41,WP,9597,2015,WP/9597/2015,ONGOING,06-03-2024,1
42,WP,3050,2024,WP/3050/2024,ONGOING,07-03-2024,3
43,WP,7552,2022,"WP/7552/2022
WITH IA/6348/2024
WITH WP/7553/2022
WITH IA/6347/2024",ONGOING,07-03-2024,1
44,WP,5299,2023,WP/5299/2023,ONGOING,08-03-2024,1
45,WP,2589,2021,WP/2589/2021,ONGOING,11-03-2024,1
46,WP,3376,2024,WP/3376/2024,DISPOSED,11-03-2024,1
47,WP,3471,2023,"WP/3471/2023
WITH WP/11781/2023",ONGOING,11-03-2024,1
48,WP,7072,2022,WP/7072/2022,ONGOING,11-03-2024,1
49,IA,3763,2022,"IA/3763/2022
IN WP/7168/2022",DISPOSED,12-03-2024,1
50,WP,1366,2015,WP/1366/2015,DISPOSED,12-03-2024,1
51,WP,6386,2018,WP/6386/2018,DISPOSED,12-03-2024,4
52,WP,7851,2023,WP/7851/2023,ONGOING,12-03-2024,15
53,WP,8628,2023,"WP/8628/2023
WITH IA/2208/2024
WITH IA/2207/2024",ONGOING,12-03-2024,1
54,IA,17325,2023,"IA/17325/2023
IN WP/12127/2019",ONGOING,13-03-2024,1
55,WP(ST),12789,2017,"WP(ST)/12789/2017
WITH CAW/1167/2018
WITH CAW/1353/2018",ONGOING,13-03-2024,1
56,WP(ST),21363,2017,WP(ST)/21363/2017,ONGOING,13-03-2024,1
57,WP,13141,2023,WP/13141/2023,DISPOSED,13-03-2024,4
58,WP,16547,2023,WP/16547/2023,ONGOING,13-03-2024,5
59,WP,4956,2021,WP/4956/2021,DISPOSED,13-03-2024,1
60,WP,4980,2023,WP/4980/2023,DISPOSED,13-03-2024,1
61,WP,15147,2022,WP/15147/2022,ONGOING,14-03-2024,1
62,WP,4997,2023,WP/4997/2023,DISPOSED,14-03-2024,1
63,WP,775,2024,"WP/775/2024
WITH WP/795/2024",ONGOING,18-03-2024,1
64,CP,215,2024,CP/215/2024,ONGOING,19-03-2024,4
65,WP,1182,2024,"WP/1182/2024
WITH WP/155/2024
WITH WP/1493/2024",ONGOING,19-03-2024,1
66,WP,4517,2019,WP/4517/2019,ONGOING,19-03-2024,4
67,RPW,42,2023,RPW/42/2023,ONGOING,20-03-2024,1
68,WP,15587,2022,WP/15587/2022,ONGOING,20-03-2024,2
69,WP,4968,2022,WP/4968/2022,ONGOING,20-03-2024,2
70,RPW,42,2023,RPW/42/2023 with IA /4474/2023,DISPOSED,22-03-2024,1
71,WP,15633,2023,WP/15633/2023,ONGOING,22-03-2024,3
72,WP,1746,2022,WP/1746/2022,ONGOING,22-03-2024,10
73,WP,2274,2021,WP/2274/2021,ONGOING,22-03-2024,1
74,WP,5200,2019,WP/5200/2019,ONGOING,22-03-2024,1
75,WP,5327,2019,WP/5327/2019,ONGOING,22-03-2024,1
76,IA,6345,2024,"IA/6345/2024
IN WP/8069/2021",ONGOING,26-03-2024,1
77,WP,1690,2023,WP/1690/2023,ONGOING,26-03-2024,4
78,WP,4156,2024,WP/4156/2024,DISPOSED,26-03-2024,1
79,IA,17325,2023,"IA/17325/2023
WITH WP/12127/2019",ONGOING,27-03-2024,1
80,WP,3663,2023,WP/3663/2023,ONGOING,27-03-2024,1
81,WP,4228,2024,WP/4228/2024,ONGOING,27-03-2024,6
82,WP,1068,2024,WP/1068/2024,ONGOING,28-03-2024,7
83,WP,1245,2024,WP/1245/2024,ONGOING,28-03-2024,6
84,WP,16021,2023,WP/16021/2023,DISPOSED,28-03-2024,1
85,WP,4302,2024,WP/4302/2024,ONGOING,28-03-2024,1
86,WP,4718,2021,WP/4718/2021,ONGOING,28-03-2024,2
87,WP,10894,2022,WP/10894/2022,ONGOING,01-04-2024,4
88,WP,10060,2016,WP/10060/2016,ONGOING,02-04-2024,1
89,WP,10069,2016,WP/10069/2016,ONGOING,02-04-2024,1
90,WP,1375,2016,WP/1375/2016,ONGOING,02-04-2024,3
91,WP,4718,2024,WP/4718/2024,DISPOSED,02-04-2024,1
92,WP,12066,2016,WP/12066/2016,DISPOSED,03-04-2024,1
93,CP,228,2024,CP/228/2024,ONGOING,04-04-2024,2
94,WP,13914,2016,WP/13914/2016,ONGOING,04-04-2024,1
95,WP,7999,2015,WP/7999/2015,ONGOING,04-04-2024,1
96,IA,468,2023,IA/468/2023,ONGOING,05-04-2024,2
97,WP,12494,2022,WP/12494/2022,ONGOING,05-04-2024,1
98,WP,1300,2017,WP/1300/2017,ONGOING,05-04-2024,1
99,WP,3632,2024,WP/3632/2024,ONGOING,05-04-2024,1
100,WP,4755,2018,WP/4755/2018,DISPOSED,05-04-2024,1
101,WP,586,2017,WP/586/2017,ONGOING,05-04-2024,3
102,WP,854,2017,WP/854/2017,ONGOING,05-04-2024,3
103,CP,148,2024,CP/148/2024,DISPOSED,08-04-2024,2
104,WP,10596,2023,WP/10596/2023,ONGOING,08-04-2024,1
105,WP,11393,2022,WP/11393/2022,ONGOING,08-04-2024,2
106,WP,11707,2023,WP/11707/2023,ONGOING,08-04-2024,1
107,WP,11728,2022,WP/11728/2022,ONGOING,08-04-2024,5
108,WP,12140,2019,WP/12140/2019,ONGOING,08-04-2024,4
109,WP,12372,2015,WP/12372/2015,ONGOING,08-04-2024,4
110,WP,12411,2023,WP/12411/2023,ONGOING,08-04-2024,2
111,WP,2063,2017,WP/2063/2017,ONGOING,08-04-2024,1
112,WP,236,2006,WP/236/2006,ONGOING,08-04-2024,4
113,WP,2474,2024,WP/2474/2024,ONGOING,08-04-2024,2
114,WP,4787,2005,WP/4787/2005,ONGOING,08-04-2024,4
115,WP,533,2024,WP/533/2024,ONGOING,08-04-2024,1
116,WP,689,2023,WP/689/2023,ONGOING,08-04-2024,1
117,WP,7071,2004,WP/7071/2004,ONGOING,08-04-2024,4
118,WP,7094,2005,WP/7094/2005,ONGOING,08-04-2024,4
119,WP,7339,2006,WP/7339/2006,ONGOING,08-04-2024,4
120,WP,7780,2022,WP/7780/2022,ONGOING,08-04-2024,1
121,WP,9708,2022,WP/9708/2022,DISPOSED,08-04-2024,2
122,WP,12435,2023,WP/12435/2023,ONGOING,10-04-2024,9
123,WP,14471,2023,WP/14471/2023,ONGOING,10-04-2024,1
124,WP,14898,2022,WP/14898/2022,ONGOING,10-04-2024,1
125,WP,15996,2022,WP/15996/2022,ONGOING,10-04-2024,1
126,WP,2689,2017,WP/2689/2017,ONGOING,10-04-2024,1
127,WP,2841,2017,WP/2841/2017,ONGOING,10-04-2024,1
128,WP,2953,2024,WP/2953/2024,ONGOING,10-04-2024,1
129,WP,11651,2023,WP/11651/2023,ONGOING,12-04-2024,1
130,WP,4088,2024,WP/4088/2024,DISPOSED,12-04-2024,1
131,WP,10460,2023,WP/10460/2023,ONGOING,15-04-2024,1
132,WP,252,2022,WP/252/2022,ONGOING,15-04-2024,1
133,WP,6470,2023,WP/6470/2023,ONGOING,15-04-2024,4
134,IA,6897,2024,IA/6897/2024,ONGOING,16-04-2024,1
135,WP,14863,2022,WP/14863/2022,ONGOING,17-04-2024,1
136,WP,3786,2024,WP/3786/2024,DISPOSED,17-04-2024,1
137,WP,5618,2024,WP/5618/2024,ONGOING,17-04-2024,1
138,CP,236,2018,CP/236/2018,ONGOING,18-04-2024,1
139,CP,363,2018,CP/363/2018,ONGOING,18-04-2024,1
140,WP,10114,2023,WP/10114/2023,ONGOING,18-04-2024,1
141,WP,2360,2023,WP/2360/2023,ONGOING,18-04-2024,8
142,PIL,79,2014,PIL/79/2014,ONGOING,19-04-2024,7
143,WP,8069,2021,WP/8069/2021,ONGOING,19-04-2024,5
144,WP,1135,2022,WP/1135/2022,DISPOSED,22-04-2024,1
145,WP,11723,2023,WP/11723/2023,DISPOSED,22-04-2024,1
146,WP,2238,2023,WP/2238/2023,ONGOING,22-04-2024,1
147,WP,6241,2022,WP/6241/2022,ONGOING,22-04-2024,3
148,WP,1084,2023,WP/1084/2023,ONGOING,23-04-2024,1
149,WP,4151,2018,WP/4151/2018,ONGOING,23-04-2024,1
150,WP,5652,2024,WP/5652/2024,ONGOING,23-04-2024,1
151,WP,1203,2018,WP/1203/2018,ONGOING,24-04-2024,1
152,WP,4487,2018,WP/4487/2018,ONGOING,24-04-2024,1
153,WP,7444,2022,WP/7444/2022,DISPOSED,24-04-2024,4
154,WP,10950,2022,WP/10950/2022,ONGOING,25-04-2024,1
155,WP,12968,2023,WP/12968/2023,ONGOING,25-04-2024,1
156,WP,5945,2024,WP/5945/2024,ONGOING,25-04-2024,14
157,WP,5957,2024,WP/5957/2024,ONGOING,25-04-2024,7
158,CP,259,2024,CP/259/2024,ONGOING,26-04-2024,2
159,CP,260,2024,CP/260/2024,DISPOSED,26-04-2024,2
160,CP,262,2024,CP/262/2024,ONGOING,26-04-2024,1
161,CP,404,2023,CP/404/2023,ONGOING,26-04-2024,3
162,WP,174,2024,WP/174/2024,ONGOING,26-04-2024,1
163,WP,422,2024,WP/422/2024,DISPOSED,26-04-2024,5
164,WP,15298,2023,WP/15298/2023,ONGOING,29-04-2024,1
165,WP,15714,2023,WP/15714/2023,ONGOING,29-04-2024,4
166,WP,16324,2023,WP/16324/2023,DISPOSED,29-04-2024,1
167,WP,3643,2016,WP/3643/2016,DISPOSED,29-04-2024,1
168,WP,8893,2023,WP/8893/2023,ONGOING,29-04-2024,2
169,WP,10423,2018,WP/10423/2018,ONGOING,30-04-2024,1
170,WP,12725,2023,WP/12725/2023,ONGOING,30-04-2024,1
171,WP,3214,2019,WP/3214/2019,ONGOING,30-04-2024,1
172,WP,5367,2022,WP/5367/2022,ONGOING,30-04-2024,3
173,WP(ST),26277,2019,WP(ST)/26277/2019,DISPOSED,30-04-2024,2
174,WP,10471,2023,WP/10471/2023,ONGOING,02-05-2024,1
175,WP,6258,2024,WP/6258/2024,DISPOSED,02-05-2024,1
176,CP,392,2019,CP/392/2019,ONGOING,03-05-2024,1
177,IA,14532,2023,IA/14532/2023,DISPOSED,03-05-2024,1
178,WP,6452,2024,WP/6452/2024,ONGOING,03-05-2024,2
179,WP,3640,2020,WP/3640/2020,ONGOING,06-05-2024,6
180,WP,12074,2023,WP/12074/2023,ONGOING,06-05-2024,6
181,WP,1555,2024,WP/1555/2024,ONGOING,06-05-2024,1
182,WP,15652,2023,WP/15652/2023,ONGOING,06-05-2024,1
183,WP,1590,2004,WP/1590/2004,ONGOING,06-05-2024,8
184,WP,1709,2024,WP/1709/2024,ONGOING,06-05-2024,2
185,WP,4514,2021,WP/4514/2021,ONGOING,06-05-2024,2
186,WP,7370,2018,WP/7370/2018,ONGOING,07-05-2024,1
187,WP,1366,2018,WP/1366/2018,ONGOING,08-05-2024,1
188,WP,15192,2023,WP/15192/2023,ONGOING,09-05-2024,3
189,WP,2262,2019,WP/2262/2019,ONGOING,09-05-2024,1
190,WP,9472,2023,WP/9472/2023,ONGOING,09-05-2024,1
191,IA,8815,2024,IA/8815/2024,DISPOSED,10-05-2024,1
192,IA,8821,2024,IA/8821/2024,DISPOSED,10-05-2024,1
193,WP,7785,2022,WP/7785/2022,DISPOSED,10-05-2024,1
194,WP,7713,2024,WP/7713/2024,ONGOING,27-05-2024,1
195,WP(ST),15456,2024,WP(ST)/15456/2024,ONGOING,31-05-2024,1
196,WP,8174,2024,WP/8174/2024,ONGOING,07-06-2024,1
197,WP,600,2022,WP/600/2022,ONGOING,10-06-2024,1
198,WP,7555,2017,WP/7555/2017,ONGOING,10-06-2024,1
199,WP,9727,2021,WP/9727/2021,ONGOING,10-06-2024,1
200,IA,7193,2024,IA/7193/2024,ONGOING,10-06-2024,2
201,WP,8104,2024,WP/8104/2024,ONGOING,10-06-2024,1
202,WP,6187,2023,WP/6187/2023,ONGOING,10-06-2024,1
203,WP,138,2019,WP/138/2019,ONGOING,11-06-2024,1
204,WP,15956,2023,WP/15956/2023,ONGOING,11-06-2024,1
205,WP,12371,2015,WP/12371/2015,ONGOING,12-06-2024,2
206,WP,8914,2019,WP/8914/2019,ONGOING,12-06-2024,1
207,WP,13960,2023,WP/13960/2023,ONGOING,12-06-2024,1
208,WP,11783,2023,WP/11783/2023,ONGOING,13-06-2024,1
209,WP,5524,2021,WP/5524/2021,ONGOING,13-06-2024,1
210,WP,4738,2015,WP/4738/2015,ONGOING,14-06-2024,1
211,WP,11785,2019,WP/11785/2019,ONGOING,14-06-2024,1
212,WP,11207,2019,WP/11207/2019,DISPOSED,14-06-2024,1
213,WP,3963,2023,WP/3963/2023,ONGOING,14-06-2024,2
214,CP,219,2024,CP/219/2024,ONGOING,18-06-2024,4
215,WP,7557,2023,WP/7557/2023,ONGOING,18-06-2024,8
216,WP,15488,2023,WP/15488/2023,ONGOING,18-06-2024,1
217,WP,1379,2021,WP/1379/2021,ONGOING,18-06-2024,1
218,WP,8628,2023,WP/8628/2023,ONGOING,18-06-2024,4
219,CP,252,2024,CP/252/2024,ONGOING,18-06-2024,1
220,WP,5973,2024,WP/5973/2024,ONGOING,18-06-2024,1
221,WP,4845,2024,WP/4845/2024,ONGOING,18-06-2024,2
222,WP,1384,2021,WP/1384/2021,ONGOING,19-06-2024,1
223,WP,3469,2022,WP/3469/2022,ONGOING,19-06-2024,1
224,WP,9770,2022,WP/9770/2022,ONGOING,19-06-2024,3
225,WP,5670,2024,WP/5670/2024,ONGOING,19-06-2024,1
226,WP,7552,2022,WP/7552/2022,ONGOING,20-06-2024,1
227,WP,4388,2022,WP/4388/2022,ONGOING,20-06-2024,1
228,IA,1847,2022,IA/1847/2022,ONGOING,20-06-2024,1
229,WP,5597,2024,WP/5597/2024,ONGOING,20-06-2024,1
230,WP,1663,2024,WP/1663/2024,ONGOING,20-06-2024,1
231,WP,8357,2024,WP/8357/2024,ONGOING,21-06-2024,2
232,WP,3142,2022,WP/3142/2022,ONGOING,21-06-2024,7
233,WP,10058,2015,WP/10058/2015,ONGOING,21-06-2024,1
234,WP,3880,2017,WP/3880/2017,DISPOSED,24-06-2024,3
235,WP,6413,2021,WP/6413/2021,ONGOING,24-06-2024,1
236,IA,1924,2020,IA/1924/2020,ONGOING,26-06-2024,1
237,WP,7943,2024,WP/7943/2024,ONGOING,26-06-2024,4
238,WP,3770,2024,WP/3770/2024,ONGOING,27-06-2024,1
239,WP,5286,2024,WP/5286/2024,ONGOING,27-06-2024,2
240,WP,3817,2022,WP/3817/2022,ONGOING,27-06-2024,2
241,WP,13357,2023,WP/13357/2023,ONGOING,27-06-2024,2
242,WP,7367,2023,WP/7367/2023,ONGOING,27-06-2024,4
243,WP,4332,2015,WP/4332/2015,ONGOING,28-06-2024,5
244,WP,12899,2018,WP/12899/2018,DISPOSED,28-06-2024,1
245,WP,6755,2022,WP/6755/2022,ONGOING,28-06-2024,1
246,CP,338,2024,CP/338/2024,ONGOING,28-06-2024,1
247,IA,8451,2024,IA/8451/2024,ONGOING,01-07-2024,1
248,WP,8102,2022,WP/8102/2022,ONGOING,01-07-2024,1
249,CP,227,2023,CP/227/2023,ONGOING,08-07-2024,2
250,CP,238,2023,CP/238/2023,ONGOING,08-07-2024,2
251,WP,6802,2021,WP/6802/2021,ONGOING,08-07-2024,4
252,WP,9346,2024,WP/9346/2024,DISPOSED,09-07-2024,4
253,WP,9337,2024,WP/9337/2024,ONGOING,09-07-2024,4
254,WP,12865,2016,WP/12865/2016,DISPOSED,09-07-2024,6
255,WP,10922,2023,WP/10922/2023,ONGOING,09-07-2024,2
256,WP,11975,2023,WP/11975/2023,ONGOING,10-07-2024,7
257,WP,14596,2023,WP/14596/2023,DISPOSED,10-07-2024,5
258,WP,8251,2024,WP/8251/2024,ONGOING,11-07-2024,5
259,WP,14541,2023,WP/14541/2023,ONGOING,11-07-2024,1
260,WP,16206,2023,WP/16206/2023,ONGOING,11-07-2024,2
261,WP,331,2023,WP/331/2023,ONGOING,11-07-2024,4
262,WP,1605,2024,WP/1605/2024,DISPOSED,11-07-2024,6
263,CP,358,2024,CP/358/2024,ONGOING,12-07-2024,4
264,WP,16358,2023,WP/16358/2023,ONGOING,12-07-2024,1
265,WP,9225,2024,WP/9225/2024,ONGOING,12-07-2024,1
266,WP,9445,2024,WP/9445/2024,ONGOING,12-07-2024,5
267,WP,9874,2024,WP/9874/2024,ONGOING,16-07-2024,2
268,IA(ST),7562,2024,IA(ST)/7562/2024,ONGOING,16-07-2024,1
269,WP,4721,2024,WP/4721/2024,ONGOING,18-07-2024,1
270,CP,376,2024,CP/376/2024,ONGOING,18-07-2024,6
271,WP,13345,2018,WP/13345/2018,ONGOING,18-07-2024,1
272,WP,11153,2016,WP/11153/2016,ONGOING,22-07-2024,1
273,WP,3428,2017,WP/3428/2017,ONGOING,22-07-2024,1
274,WP,9337,2023,WP/9337/2023,ONGOING,22-07-2024,2
275,WP,12716,2023,WP/12716/2023,ONGOING,22-07-2024,1
276,WP,13008,2023,WP/13008/2023,ONGOING,22-07-2024,1
277,WP,5949,2024,WP/5949/2024,ONGOING,24-07-2024,3
278,IA,10668,2024,IA/10668/2024,ONGOING,24-07-2024,1
279,WP,3548,2020,WP/3548/2020,ONGOING,24-07-2024,1
280,WP,5638,2024,WP/5638/2024,ONGOING,24-07-2024,1
281,WP,5461,2014,WP/5461/2014,ONGOING,30-07-2024,4
282,WP,2290,2022,WP/2290/2022,ONGOING,30-07-2024,1
283,WP,3938,2024,WP/3938/2024,DISPOSED,30-07-2024,5
284,WP,10414,2024,WP/10414/2024,ONGOING,30-07-2024,6
285,WP,10416,2024,WP/10416/2024,ONGOING,30-07-2024,1
286,WP,9817,2016,WP/9817/2016,ONGOING,31-07-2024,1
287,WP,8837,2022,WP/8837/2022,ONGOING,31-07-2024,5
288,WP,1126,2022,WP/1126/2022,ONGOING,31-07-2024,3
289,IA,9558,2024,IA/9558/2024,ONGOING,31-07-2024,1
290,IA,10960,2024,IA/10960/2024,ONGOING,01-08-2024,1
291,WP,2301,2023,WP/2301/2023,ONGOING,01-08-2024,2
292,WP,10349,2024,WP/10349/2024,ONGOING,01-08-2024,3
293,WP,5713,2024,WP/5713/2024,ONGOING,01-08-2024,1
294,WP,4772,2022,WP/4772/2022,ONGOING,01-08-2024,1
295,WP,9457,2024,WP/9457/2024,ONGOING,01-08-2024,1
296,WP,5947,2024,WP/5947/2024,DISPOSED,02-08-2024,1
297,CP,400,2024,CP/400/2024,ONGOING,02-08-2024,1
298,WP(ST),14353,2022,WP(ST)/14353/2022,ONGOING,02-08-2024,1
299,WP,3867,2022,WP/3867/2022,ONGOING,05-08-2024,4
300,WP,12902,2023,WP/12902/2023,ONGOING,05-08-2024,2
301,WP,4198,2019,WP/4198/2019,ONGOING,05-08-2024,1
302,WP,10760,2024,WP/10760/2024,ONGOING,06-08-2024,2
303,WP,10610,2015,WP/10610/2015,ONGOING,06-08-2024,1
304,WP,5049,2024,WP/5049/2024,ONGOING,07-08-2024,7
305,WP,10790,2024,WP/10790/2024,ONGOING,07-08-2024,4
306,WP,720,2023,WP/720/2023,DISPOSED,07-08-2024,3
307,WP,8669,2024,WP/8669/2024,ONGOING,08-08-2024,4
308,CP(ST),11489,2023,CP(ST)/11489/2023,ONGOING,09-08-2024,1
309,WP,979,2024,WP/979/2024,ONGOING,12-08-2024,1
310,WP,5286,2021,WP/5286/2021,ONGOING,12-08-2024,4
311,IA,11626,2024,IA/11626/2024,DISPOSED,13-08-2024,1
312,WP,7201,2024,WP/7201/2024,ONGOING,16-08-2024,1
313,WP,16353,2023,WP/16353/2023,ONGOING,16-08-2024,1
314,CAW,369,2014,CAW/369/2014,ONGOING,16-08-2024,1
315,WP,8786,2024,WP/8786/2024,ONGOING,16-08-2024,1
316,IA,10942,2024,IA/10942/2024,DISPOSED,19-08-2024,3
317,WP,4834,2024,WP/4834/2024,DISPOSED,19-08-2024,3
318,WP,7961,2022,WP/7961/2022,ONGOING,19-08-2024,1
319,WP,6765,2018,WP/6765/2018,ONGOING,19-08-2024,16
320,WP,15120,2022,WP/15120/2022,ONGOING,20-08-2024,2
321,WP,11579,2024,WP/11579/2024,ONGOING,20-08-2024,6
322,WP,251,2023,WP/251/2023,ONGOING,20-08-2024,1
323,WP,10212,2024,WP/10212/2024,ONGOING,20-08-2024,1
324,WP,4321,2023,WP/4321/2023,ONGOING,20-08-2024,1
325,WP,11374,2024,WP/11374/2024,DISPOSED,21-08-2024,9
326,WP,2552,2016,WP/2552/2016,ONGOING,22-08-2024,2
327,WP,10316,2016,WP/10316/2016,ONGOING,22-08-2024,1
328,WP,445,2016,WP/445/2016,ONGOING,22-08-2024,1
329,CP,69,2024,CP/69/2024,ONGOING,23-08-2024,2
330,WP,1120,2024,WP/1120/2024,ONGOING,23-08-2024,1
331,WP,1209,2024,WP/1209/2024,ONGOING,23-08-2024,1
332,WP,10711,2024,WP/10711/2024,ONGOING,23-08-2024,1
333,WP,16532,2023,WP/16532/2023,ONGOING,23-08-2024,2
334,WP,11948,2024,WP/11948/2024,ONGOING,27-08-2024,3
335,WP,11950,2024,WP/11950/2024,ONGOING,27-08-2024,3
336,WP,11952,2024,WP/11952/2024,DISPOSED,27-08-2024,6
337,WP,11953,2024,WP/11953/2024,ONGOING,27-08-2024,3
338,WP,11955,2024,WP/11955/2024,ONGOING,27-08-2024,3
339,WP,11957,2024,WP/11957/2024,ONGOING,27-08-2024,4
340,WP,4899,2016,WP/4899/2016,ONGOING,28-08-2024,2
341,WP,4923,2016,WP/4923/2016,ONGOING,28-08-2024,2
342,WP,4519,2016,WP/4519/2016,ONGOING,28-08-2024,1
343,WP,11794,2018,WP/11794/2018,ONGOING,28-08-2024,2
344,WP,11704,2024,WP/11704/2024,DISPOSED,29-08-2024,1
345,WP,12121,2024,WP/12121/2024,ONGOING,30-08-2024,5
346,CP,337,2024,CP/337/2024,ONGOING,30-08-2024,1
347,WP,12001,2024,WP/12001/2024,DISPOSED,02-09-2024,1
348,WP,7560,2022,WP/7560/2022,DISPOSED,02-09-2024,2
349,WP,3740,2024,WP/3740/2024,ONGOING,04-09-2024,1
350,WP,15588,2022,WP/15588/2022,ONGOING,04-09-2024,3
351,WP,12203,2024,WP/12203/2024,DISPOSED,05-09-2024,1
352,WP,2463,2017,WP/2463/2017,DISPOSED,05-09-2024,1
353,WP,12245,2024,WP/12245/2024,DISPOSED,06-09-2024,1
354,WP,5564,2023,WP/5564/2023,ONGOING,06-09-2024,5
355,WP,11287,2024,WP/11287/2024,ONGOING,06-09-2024,1
356,WP(ST),25893,2024,WP(ST)/25893/2024,ONGOING,06-09-2024,1
357,WP,12502,2024,WP/12502/2024,ONGOING,09-09-2024,8
358,IA(ST),23332,2024,IA(ST)/23332/2024,ONGOING,09-09-2024,1
359,WP,1744,2017,WP/1744/2017,ONGOING,09-09-2024,3
360,WP,12686,2024,WP/12686/2024,DISPOSED,12-09-2024,4
361,WP,3704,2011,WP/3704/2011,ONGOING,12-09-2024,3
362,WP,6303,2011,WP/6303/2011,ONGOING,12-09-2024,4
363,WP,5224,2012,WP/5224/2012,ONGOING,12-09-2024,3
364,WP,2559,2013,WP/2559/2013,DISPOSED,12-09-2024,3
365,WP,4020,2023,WP/4020/2023,ONGOING,12-09-2024,1
366,WP,12687,2024,WP/12687/2024,ONGOING,13-09-2024,3
367,WP,893,2015,WP/893/2015,ONGOING,18-09-2024,3
368,WP,12893,2024,WP/12893/2024,ONGOING,18-09-2024,2
369,WP,4856,2024,WP/4856/2024,ONGOING,18-09-2024,1
370,IA,1319,2024,IA/1319/2024,ONGOING,18-09-2024,2
371,WP,10403,2024,WP/10403/2024,ONGOING,19-09-2024,1
372,IA,11515,2024,IA/11515/2024,ONGOING,19-09-2024,1
373,WP,12542,2024,WP/12542/2024,ONGOING,19-09-2024,1
374,WP,1710,2024,WP/1710/2024,ONGOING,20-09-2024,1
375,WP,12480,2024,WP/12480/2024,DISPOSED,20-09-2024,1
376,WP,13015,2024,WP/13015/2024,ONGOING,20-09-2024,5
377,WP,12780,2023,WP/12780/2023,ONGOING,23-09-2024,2
378,WP,12992,2023,WP/12992/2023,ONGOING,23-09-2024,1
379,WP,5052,2024,WP/5052/2024,ONGOING,23-09-2024,1
380,WP,11850,2024,WP/11850/2024,ONGOING,23-09-2024,2
381,WP,12604,2024,WP/12604/2024,DISPOSED,25-09-2024,2
382,WP,13178,2024,WP/13178/2024,ONGOING,26-09-2024,7
383,WP,13290,2024,WP/13290/2024,ONGOING,26-09-2024,1
384,WP,3213,2015,WP/3213/2015,ONGOING,26-09-2024,1
385,WP,13077,2024,WP/13077/2024,ONGOING,27-09-2024,3
386,WP,13128,2024,WP/13128/2024,ONGOING,27-09-2024,2
387,WP,13152,2024,WP/13152/2024,DISPOSED,27-09-2024,1
388,WP,962,2016,WP/962/2016,ONGOING,30-09-2024,9
389,CP,236,2022,CP/236/2022,ONGOING,30-09-2024,1
390,WP,7388,2003,WP/7388/2003,ONGOING,30-09-2024,1
391,WP,10830,2011,WP/10830/2011,ONGOING,30-09-2024,6
392,IA,17077,2024,IA/17077/2024,DISPOSED,01-10-2024,1
393,WP,1302,2024,WP/1302/2024,ONGOING,01-10-2024,1
394,WP,10040,2017,WP/10040/2017,ONGOING,01-10-2024,2
395,WP,542,2011,WP/542/2011,ONGOING,03-10-2024,2
396,WP,5427,2015,WP/5427/2015,ONGOING,03-10-2024,1
397,WP,7434,2024,WP/7434/2024,ONGOING,03-10-2024,1
398,WP,10197,2022,WP/10197/2022,ONGOING,03-10-2024,1
399,WP,7721,2024,WP/7721/2024,ONGOING,04-10-2024,2
400,CP,218,2024,CP/218/2024,ONGOING,07-10-2024,1
401,WP,1338,2009,WP/1338/2009,ONGOING,07-10-2024,6
402,WP,4050,2024,WP/4050/2024,ONGOING,07-10-2024,1
403,WP,11077,2024,WP/11077/2024,ONGOING,07-10-2024,1
404,WP,13097,2024,WP/13097/2024,ONGOING,07-10-2024,1
405,WP,11500,2019,WP/11500/2019,ONGOING,09-10-2024,1
406,WP,13925,2024,WP/13925/2024,DISPOSED,09-10-2024,1
407,WP,3519,2023,WP/3519/2023,ONGOING,10-10-2024,1
408,WP,13110,2024,WP/13110/2024,ONGOING,10-10-2024,4
409,WP,13781,2024,WP/13781/2024,ONGOING,11-10-2024,2
410,WP,9790,2022,WP/9790/2022,ONGOING,14-10-2024,1
411,WP,12151,2024,WP/12151/2024,DISPOSED,14-10-2024,6
412,WP,14063,2024,WP/14063/2024,ONGOING,14-10-2024,3
413,WP,14067,2024,WP/14067/2024,DISPOSED,14-10-2024,1
414,WP,3761,2024,WP/3761/2024,ONGOING,15-10-2024,1
415,WP,12661,2024,WP/12661/2024,DISPOSED,15-10-2024,2
416,WP,14102,2024,WP/14102/2024,ONGOING,15-10-2024,4
417,WP,14103,2024,WP/14103/2024,ONGOING,15-10-2024,4
418,WP,14178,2024,WP/14178/2024,ONGOING,15-10-2024,7
419,WP,14197,2024,WP/14197/2024,DISPOSED,15-10-2024,2
420,WP,14215,2024,WP/14215/2024,ONGOING,15-10-2024,3
421,WP,14218,2024,WP/14218/2024,DISPOSED,15-10-2024,5
422,IA,13955,2024,IA/13955/2024,ONGOING,16-10-2024,2
423,WP,4788,2022,WP/4788/2022,ONGOING,16-10-2024,5
424,WP,14159,2024,WP/14159/2024,ONGOING,16-10-2024,4
425,WP,11725,2017,WP/11725/2017,ONGOING,17-10-2024,1
426,IA,14071,2024,IA/14071/2024,DISPOSED,18-10-2024,1
427,WP,8980,2023,WP/8980/2023,ONGOING,18-10-2024,1
428,WP,14730,2023,WP/14730/2023,ONGOING,18-10-2024,2
429,WP,9496,2024,WP/9496/2024,DISPOSED,21-10-2024,2
430,WP,14603,2024,WP/14603/2024,DISPOSED,21-10-2024,1
431,WP,14670,2024,WP/14670/2024,ONGOING,21-10-2024,4
432,WP(ST),14494,2022,WP(ST)/14494/2022,ONGOING,21-10-2024,1
433,WP,13841,2024,WP/13841/2024,DISPOSED,22-10-2024,4
434,WP,13842,2024,WP/13842/2024,DISPOSED,22-10-2024,2
435,WP,14709,2024,WP/14709/2024,ONGOING,23-10-2024,1
436,WP,14956,2024,WP/14956/2024,DISPOSED,23-10-2024,1
437,WP,14535,2024,WP/14535/2024,ONGOING,24-10-2024,5
438,WP,10270,2024,WP/10270/2024,DISPOSED,11-11-2024,1
439,WP,15466,2024,WP/15466/2024,ONGOING,11-11-2024,3
440,WP,16161,2024,WP/16161/2024,DISPOSED,11-11-2024,2
441,WP,2693,2024,WP/2693/2024,DISPOSED,12-11-2024,5
442,WP,11374,2022,WP/11374/2022,ONGOING,12-11-2024,1
443,WP,12416,2022,WP/12416/2022,ONGOING,12-11-2024,1
444,WP,14074,2024,WP/14074/2024,ONGOING,12-11-2024,1
445,WP,16216,2024,WP/16216/2024,ONGOING,12-11-2024,2
446,WP,3356,2021,WP/3356/2021,ONGOING,13-11-2024,3
447,WP,4184,2017,WP/4184/2017,ONGOING,13-11-2024,2
448,WP,4835,2024,WP/4835/2024,ONGOING,13-11-2024,1
449,WP,11168,2016,WP/11168/2016,DISPOSED,13-11-2024,1
450,WP,16245,2024,WP/16245/2024,ONGOING,13-11-2024,3
451,WP,1341,2024,WP/1341/2024,DISPOSED,18-11-2024,1
452,WP,8692,2021,WP/8692/2021,ONGOING,18-11-2024,1
453,WP,11205,2019,WP/11205/2019,ONGOING,18-11-2024,2
454,CP,614,2024,CP/614/2024,DISPOSED,19-11-2024,4
455,WP,7665,2024,WP/7665/2024,ONGOING,19-11-2024,2
456,WP,9457,2023,WP/9457/2023,DISPOSED,19-11-2024,1
457,WP,3940,1991,WP/3940/1991,ONGOING,21-11-2024,8
458,WP,10579,2024,WP/10579/2024,ONGOING,21-11-2024,1
459,WP,12508,2024,WP/12508/2024,ONGOING,21-11-2024,1
460,WP,14168,2024,WP/14168/2024,ONGOING,21-11-2024,1
461,WP,16092,2024,WP/16092/2024,ONGOING,21-11-2024,2
462,WP,4855,2006,WP/4855/2006,ONGOING,22-11-2024,1
463,WP,13737,2024,WP/13737/2024,DISPOSED,22-11-2024,2
464,WP,16772,2024,WP/16772/2024,ONGOING,22-11-2024,1
465,WP,8169,2024,WP/8169/2024,ONGOING,25-11-2024,1
466,WP,8975,2024,WP/8975/2024,ONGOING,25-11-2024,1
467,WP,14597,2024,WP/14597/2024,DISPOSED,25-11-2024,1
468,WP,15786,2024,WP/15786/2024,ONGOING,25-11-2024,1
469,WP,17019,2024,WP/17019/2024,ONGOING,25-11-2024,2
470,WP,17029,2024,WP/17029/2024,ONGOING,25-11-2024,2
471,WP,10865,2024,WP/10865/2024,ONGOING,26-11-2024,11
472,WP,15895,2024,WP/15895/2024,ONGOING,26-11-2024,3
473,WP,17008,2024,WP/17008/2024,ONGOING,26-11-2024,1
474,WP,8251,2021,WP/8251/2021,ONGOING,27-11-2024,1
475,WP,16801,2024,WP/16801/2024,DISPOSED,27-11-2024,2
476,WP(ST),30392,2024,WP(ST)/30392/2024,ONGOING,27-11-2024,2
477,WP,775,2024,WP/775/2024,ONGOING,28-11-2024,2
478,CP,624,2024,CP/624/2024,DISPOSED,29-11-2024,4
479,WP,11490,2024,WP/11490/2024,ONGOING,29-11-2024,1
480,WP,12955,2024,WP/12955/2024,ONGOING,29-11-2024,1
481,WP,794,2024,WP/794/2024,ONGOING,02-12-2024,1
482,WP,4475,2024,WP/4475/2024,ONGOING,02-12-2024,1
483,WP,17347,2024,WP/17347/2024,DISPOSED,02-12-2024,1
484,WP,17397,2024,WP/17397/2024,ONGOING,02-12-2024,1
485,CP,455,2018,CP/455/2018,ONGOING,03-12-2024,1
486,WP,7459,2024,WP/7459/2024,ONGOING,03-12-2024,2
487,WP,606,2021,WP/606/2021,ONGOING,04-12-2024,1
488,WP,12790,2022,WP/12790/2022,ONGOING,04-12-2024,2
489,WP,16679,2023,WP/16679/2023,DISPOSED,04-12-2024,1
490,WP,17430,2024,WP/17430/2024,ONGOING,04-12-2024,1
491,WP,14446,2024,WP/14446/2024,ONGOING,05-12-2024,2
492,WP,17441,2024,WP/17441/2024,DISPOSED,05-12-2024,1
493,WP,17442,2024,WP/17442/2024,ONGOING,05-12-2024,3
494,IA,7238,2024,IA/7238/2024,ONGOING,06-12-2024,1
495,IA,10794,2024,IA/10794/2024,ONGOING,06-12-2024,1
496,IA,14622,2024,IA/14622/2024,DISPOSED,06-12-2024,1
497,IA,14698,2024,IA/14698/2024,DISPOSED,06-12-2024,3
498,IA(ST),10579,2024,IA(ST)/10579/2024,ONGOING,06-12-2024,2
499,WP,16088,2024,WP/16088/2024,DISPOSED,06-12-2024,1
500,WP,6899,2022,WP/6899/2022,DISPOSED,09-12-2024,1
501,WP,13037,2022,WP/13037/2022,ONGOING,09-12-2024,1
502,WP,13615,2018,WP/13615/2018,ONGOING,09-12-2024,2
503,WP,15126,2022,WP/15126/2022,ONGOING,09-12-2024,1
504,WP,1860,2005,WP/1860/2005,ONGOING,10-12-2024,1
505,WP,4397,2024,WP/4397/2024,ONGOING,10-12-2024,1
506,WP,5896,2023,WP/5896/2023,ONGOING,10-12-2024,1
507,WP,8035,2024,WP/8035/2024,ONGOING,10-12-2024,1
508,WP,9333,2024,WP/9333/2024,ONGOING,10-12-2024,2
509,WP,17943,2024,WP/17943/2024,DISPOSED,10-12-2024,6
510,IA,16462,2023,IA/16462/2023,ONGOING,11-12-2024,1
511,WP,7160,2015,WP/7160/2015,DISPOSED,11-12-2024,6
512,WP,9251,2016,WP/9251/2016,ONGOING,11-12-2024,1
513,WP,16220,2024,WP/16220/2024,ONGOING,11-12-2024,1
514,WP,16223,2024,WP/16223/2024,ONGOING,11-12-2024,1
515,CP,674,2024,CP/674/2024,ONGOING,12-12-2024,1
516,WP,1468,2023,WP/1468/2023,ONGOING,12-12-2024,1
517,WP,15161,2022,WP/15161/2022,ONGOING,12-12-2024,1
518,WP,16775,2023,WP/16775/2023,ONGOING,12-12-2024,4
519,IA,14456,2024,IA/14456/2024,ONGOING,13-12-2024,1
520,IA,15559,2024,IA/15559/2024,ONGOING,13-12-2024,1
521,WP,795,2024,WP/795/2024,DISPOSED,13-12-2024,1
522,IA,11510,2024,IA/11510/2024,ONGOING,14-12-2024,1
523,WP,1722,2023,WP/1722/2023,ONGOING,14-12-2024,1
524,WP,8419,2024,WP/8419/2024,DISPOSED,14-12-2024,1
525,WP,4057,2018,WP/4057/2018,DISPOSED,16-12-2024,1
526,WP,11022,2024,WP/11022/2024,ONGOING,16-12-2024,1
527,WP,2355,2023,WP/2355/2023,ONGOING,17-12-2024,1
528,WP,3375,2018,WP/3375/2018,ONGOING,17-12-2024,1
529,WP,10849,2023,WP/10849/2023,ONGOING,17-12-2024,1
530,WP,11350,2022,WP/11350/2022,ONGOING,17-12-2024,1
531,WP,13277,2024,WP/13277/2024,DISPOSED,17-12-2024,1
532,WP,16156,2024,WP/16156/2024,ONGOING,17-12-2024,1
533,WP,18203,2024,WP/18203/2024,ONGOING,17-12-2024,2
534,WP,18833,2024,WP/18833/2024,DISPOSED,17-12-2024,1
535,IA,12546,2024,IA/12546/2024,ONGOING,19-12-2024,1
536,IA,15383,2024,IA/15383/2024,ONGOING,19-12-2024,1
537,WP,1836,2024,WP/1836/2024,ONGOING,19-12-2024,1
538,WP,11347,2024,WP/11347/2024,DISPOSED,19-12-2024,1
539,WP,11348,2024,WP/11348/2024,DISPOSED,19-12-2024,1
540,WP,16124,2024,WP/16124/2024,DISPOSED,19-12-2024,1
541,IA,14163,2024,IA/14163/2024,ONGOING,20-12-2024,1
542,IA,14689,2024,IA/14689/2024,ONGOING,20-12-2024,1
543,IA,14697,2024,IA/14697/2024,DISPOSED,20-12-2024,1
544,WP,11144,2016,WP/11144/2016,ONGOING,02-01-2025,1
545,WP,12088,2022,WP/12088/2022,ONGOING,02-01-2025,4
546,WP,2045,2023,WP/2045/2023,ONGOING,02-01-2025,2
547,WP,2627,2023,WP/2627/2023,ONGOING,02-01-2025,3
548,WP,1566,2024,WP/1566/2024,ONGOING,03-01-2025,1
549,WP,19392,2024,WP/19392/2024,ONGOING,03-01-2025,3
550,WP,40,2025,WP/40/2025,DISPOSED,03-01-2025,3
551,WP,1711,2013,WP/1711/2013,ONGOING,06-01-2025,12
552,WP,5180,2019,WP/5180/2019,ONGOING,06-01-2025,1
553,WP,3202,2022,WP/3202/2022,ONGOING,06-01-2025,1
554,WP,5783,2022,WP/5783/2022,ONGOING,06-01-2025,8
555,WP,8364,2022,WP/8364/2022,ONGOING,06-01-2025,4
556,WP,11806,2022,WP/11806/2022,ONGOING,06-01-2025,3
557,WP,15594,2022,WP/15594/2022,ONGOING,06-01-2025,1
558,WP,9718,2023,WP/9718/2023,ONGOING,06-01-2025,6
559,WP,6631,2023,WP/6631/2023,ONGOING,07-01-2025,4
560,WP,13044,2023,WP/13044/2023,ONGOING,07-01-2025,2
561,WP,6327,2024,WP/6327/2024,DISPOSED,07-01-2025,3
562,WP,1172,2018,WP/1172/2018,DISPOSED,08-01-2025,11
563,WP,3204,2022,WP/3204/2022,ONGOING,08-01-2025,2
564,WP,14240,2022,WP/14240/2022,ONGOING,08-01-2025,2
565,WP,15793,2022,WP/15793/2022,ONGOING,08-01-2025,1
566,CP,53,2024,CP/53/2024,ONGOING,09-01-2025,1
567,IA,4499,2023,IA/4499/2023,ONGOING,10-01-2025,4
568,IA,15089,2023,IA/15089/2023,DISPOSED,10-01-2025,4
569,IA,15713,2023,IA/15713/2023,ONGOING,10-01-2025,2
570,IA,140,2025,IA/140/2025,DISPOSED,10-01-2025,1
571,WP,12318,2023,WP/12318/2023,ONGOING,10-01-2025,1
572,WP,10546,2023,WP/10546/2023,ONGOING,13-01-2025,2
573,WP,1779,2024,WP/1779/2024,ONGOING,13-01-2025,1
574,WP,365,2025,WP/365/2025,DISPOSED,13-01-2025,1
575,WP,11706,2018,WP/11706/2018,ONGOING,14-01-2025,1
576,WP,1513,2021,WP/1513/2021,ONGOING,14-01-2025,1
577,WP,8039,2018,WP/8039/2018,ONGOING,15-01-2025,1
578,WP,2580,2020,WP/2580/2020,ONGOING,15-01-2025,3
579,WP,14071,2024,WP/14071/2024,ONGOING,15-01-2025,1
580,IA,15522,2024,IA/15522/2024,ONGOING,16-01-2025,2
581,WP,11882,2018,WP/11882/2018,DISPOSED,16-01-2025,4
582,IA,1572,2024,IA/1572/2024,ONGOING,17-01-2025,1
583,WP,1527,2024,WP/1527/2024,ONGOING,17-01-2025,1
584,IA,12663,2024,IA/12663/2024,ONGOING,20-01-2025,1
585,WP,2192,2024,WP/2192/2024,ONGOING,21-01-2025,2
586,WP,4463,2021,WP/4463/2021,DISPOSED,22-01-2025,1
587,WP,12331,2022,WP/12331/2022,ONGOING,22-01-2025,2
588,WP,692,2024,WP/692/2024,ONGOING,23-01-2025,1
589,WP,635,2025,WP/635/2025,ONGOING,23-01-2025,1
590,WP,2171,2019,WP/2171/2019,ONGOING,24-01-2025,3
591,WP,6430,2024,WP/6430/2024,DISPOSED,24-01-2025,1
592,WP,15326,2024,WP/15326/2024,ONGOING,24-01-2025,2
593,WP,8668,2023,WP/8668/2023,DISPOSED,27-01-2025,1
594,WP,1089,2025,WP/1089/2025,ONGOING,27-01-2025,3
595,IA,11566,2024,IA/11566/2024,DISPOSED,28-01-2025,1
596,WP,1007,2018,WP/1007/2018,ONGOING,28-01-2025,2
597,WP,6049,2022,WP/6049/2022,ONGOING,28-01-2025,1
598,WP,8782,2022,WP/8782/2022,DISPOSED,28-01-2025,1
599,WP,13876,2022,WP/13876/2022,ONGOING,28-01-2025,1
600,WP,14776,2022,WP/14776/2022,ONGOING,28-01-2025,1
601,CP(ST),10478,2023,CP(ST)/10478/2023,DISPOSED,29-01-2025,1
602,IA,13799,2024,IA/13799/2024,ONGOING,29-01-2025,1
603,WP,18280,2024,WP/18280/2024,DISPOSED,29-01-2025,1
604,IA,2011,2023,IA/2011/2023,ONGOING,30-01-2025,1
605,WP,6196,2022,WP/6196/2022,ONGOING,30-01-2025,1
606,WP,15348,2022,WP/15348/2022,ONGOING,30-01-2025,1
607,WP,3121,2023,WP/3121/2023,ONGOING,30-01-2025,1
608,WP,11892,2023,WP/11892/2023,ONGOING,30-01-2025,1
609,WP,340,2024,WP/340/2024,ONGOING,30-01-2025,5
610,WP,1028,2025,WP/1028/2025,ONGOING,30-01-2025,2
611,IA,19777,2022,IA/19777/2022,DISPOSED,31-01-2025,1
612,IA,12081,2024,IA/12081/2024,ONGOING,31-01-2025,1
613,WP,14327,2018,WP/14327/2018,DISPOSED,31-01-2025,3
614,WP,3587,2024,WP/3587/2024,DISPOSED,31-01-2025,1
615,CP,74,2020,CP/74/2020,ONGOING,03-02-2025,4
616,WP,10601,2014,WP/10601/2014,ONGOING,03-02-2025,1
617,WP,4641,2016,WP/4641/2016,DISPOSED,03-02-2025,1
618,WP,10916,2022,WP/10916/2022,ONGOING,03-02-2025,1
619,WP,2877,2023,WP/2877/2023,ONGOING,03-02-2025,2
620,WP,7974,2024,WP/7974/2024,DISPOSED,03-02-2025,2
621,WP,14316,2024,WP/14316/2024,DISPOSED,03-02-2025,2
622,WP,11657,2018,WP/11657/2018,ONGOING,04-02-2025,1
623,WP,3308,2024,WP/3308/2024,DISPOSED,04-02-2025,1
624,WP,15324,2024,WP/15324/2024,DISPOSED,04-02-2025,1
625,WP,17638,2024,WP/17638/2024,ONGOING,04-02-2025,3
626,WP,1528,2025,WP/1528/2025,DISPOSED,04-02-2025,1
627,WP,11985,2024,WP/11985/2024,DISPOSED,05-02-2025,2
628,WP,14140,2024,WP/14140/2024,ONGOING,05-02-2025,3
629,WP,1625,2024,WP/1625/2024,ONGOING,06-02-2025,1
630,WP,3144,2024,WP/3144/2024,ONGOING,06-02-2025,3
631,WP,9561,2024,WP/9561/2024,ONGOING,06-02-2025,1
632,WP,8789,2022,WP/8789/2022,ONGOING,10-02-2025,1
633,WP,12090,2022,WP/12090/2022,ONGOING,10-02-2025,1
634,WP,14773,2022,WP/14773/2022,DISPOSED,10-02-2025,1
635,WP,17602,2024,WP/17602/2024,DISPOSED,10-02-2025,1
636,WP,345,2014,WP/345/2014,ONGOING,11-02-2025,1
637,WP,2352,2020,WP/2352/2020,ONGOING,11-02-2025,1
638,WP,833,2024,WP/833/2024,ONGOING,11-02-2025,2
639,WP,1869,2025,WP/1869/2025,DISPOSED,11-02-2025,1
640,WP,4033,2023,WP/4033/2023,ONGOING,12-02-2025,1
641,WP,15743,2023,WP/15743/2023,ONGOING,12-02-2025,1
642,WP,11476,2024,WP/11476/2024,ONGOING,12-02-2025,2
643,WP,3,2025,WP/3/2025,ONGOING,12-02-2025,1
644,WP,1712,2025,WP/1712/2025,ONGOING,12-02-2025,2
645,WP,1903,2025,WP/1903/2025,DISPOSED,12-02-2025,2
646,WP,1905,2025,WP/1905/2025,DISPOSED,12-02-2025,1
647,WP,1910,2025,WP/1910/2025,DISPOSED,12-02-2025,3
648,IA,1191,2025,IA/1191/2025,ONGOING,13-02-2025,1
649,WP,12144,2023,WP/12144/2023,ONGOING,13-02-2025,1
650,WP,12484,2024,WP/12484/2024,ONGOING,13-02-2025,1
651,WP,1694,2025,WP/1694/2025,ONGOING,13-02-2025,1
652,IA,15617,2024,IA/15617/2024,ONGOING,14-02-2025,1
653,WP,3052,2024,WP/3052/2024,ONGOING,14-02-2025,2
654,WP,10269,2024,WP/10269/2024,ONGOING,14-02-2025,1
655,WP,1347,2010,WP/1347/2010,DISPOSED,17-02-2025,4
656,WP,2158,2025,WP/2158/2025,ONGOING,20-02-2025,1
657,WP,7597,2022,WP/7597/2022,ONGOING,21-02-2025,4
658,WP,5134,2024,WP/5134/2024,ONGOING,21-02-2025,1
659,WP,14602,2023,WP/14602/2023,ONGOING,24-02-2025,1
660,WP,19060,2024,WP/19060/2024,DISPOSED,24-02-2025,1
661,WP,2343,2025,WP/2343/2025,ONGOING,24-02-2025,4
662,WP,2351,2025,WP/2351/2025,ONGOING,24-02-2025,6
663,CP,667,2024,CP/667/2024,DISPOSED,25-02-2025,1
664,WP,15694,2024,WP/15694/2024,DISPOSED,25-02-2025,1
665,WP,18791,2024,WP/18791/2024,DISPOSED,25-02-2025,1
666,WP,2635,2025,WP/2635/2025,DISPOSED,25-02-2025,3
667,WP,2678,2025,WP/2678/2025,ONGOING,25-02-2025,2
668,WP,2353,2025,WP/2353/2025,ONGOING,26-02-2025,3
669,WP,2582,2025,WP/2582/2025,DISPOSED,26-02-2025,2
670,IA(ST),34058,2024,IA(ST)/34058/2024,ONGOING,27-02-2025,1
671,WP,8502,2022,WP/8502/2022,DISPOSED,27-02-2025,1
672,WP,12800,2023,WP/12800/2023,ONGOING,27-02-2025,6
673,WP,14085,2024,WP/14085/2024,ONGOING,27-02-2025,2
674,IA,2020,2025,IA/2020/2025,ONGOING,28-02-2025,1
675,IA,2748,2025,IA/2748/2025,DISPOSED,28-02-2025,2
676,WP,7890,2023,WP/7890/2023,ONGOING,28-02-2025,1
677,WP,9265,2023,WP/9265/2023,ONGOING,28-02-2025,1
678,WP,2639,2024,WP/2639/2024,ONGOING,28-02-2025,2
679,WP,16561,2024,WP/16561/2024,ONGOING,28-02-2025,5
680,WP,1713,2025,WP/1713/2025,ONGOING,28-02-2025,1
681,CP,634,2024,CP/634/2024,ONGOING,03-03-2025,3
682,WP,3439,2023,WP/3439/2023,ONGOING,03-03-2025,2
683,WP,11477,2024,WP/11477/2024,ONGOING,03-03-2025,1
684,WP,16039,2024,WP/16039/2024,ONGOING,03-03-2025,2
685,WP,18312,2024,WP/18312/2024,ONGOING,03-03-2025,3
686,WP,13646,2022,WP/13646/2022,DISPOSED,04-03-2025,1
687,WP,12914,2024,WP/12914/2024,ONGOING,04-03-2025,2
688,WP,2960,2025,WP/2960/2025,ONGOING,04-03-2025,1
689,WP,2426,2022,WP/2426/2022,ONGOING,05-03-2025,5
690,WP,9707,2022,WP/9707/2022,ONGOING,05-03-2025,2
691,WP,12190,2024,WP/12190/2024,ONGOING,05-03-2025,1
692,WP,2837,2025,WP/2837/2025,ONGOING,05-03-2025,1
693,WP,2974,2025,WP/2974/2025,ONGOING,05-03-2025,1
694,WP,7600,2019,WP/7600/2019,ONGOING,06-03-2025,2
695,WP,2182,2025,WP/2182/2025,ONGOING,06-03-2025,1
696,WP,2799,2025,WP/2799/2025,DISPOSED,06-03-2025,2
697,IA,1696,2024,IA/1696/2024,ONGOING,07-03-2025,1
698,WP,909,2025,WP/909/2025,ONGOING,07-03-2025,3
699,WP,1144,2018,WP/1144/2018,ONGOING,10-03-2025,1
700,WP,1952,2023,WP/1952/2023,DISPOSED,10-03-2025,2
701,WP,12213,2023,WP/12213/2023,ONGOING,10-03-2025,2
702,WP,12982,2023,WP/12982/2023,ONGOING,10-03-2025,1
703,IA,17097,2022,IA/17097/2022,ONGOING,11-03-2025,1
704,WP,16789,2024,WP/16789/2024,ONGOING,11-03-2025,1
705,WP,17262,2024,WP/17262/2024,DISPOSED,11-03-2025,1
706,WP,18996,2024,WP/18996/2024,ONGOING,11-03-2025,2
707,WP,13406,2018,WP/13406/2018,ONGOING,12-03-2025,3
708,WP,19084,2024,WP/19084/2024,ONGOING,12-03-2025,1
709,CP,122,2025,CP/122/2025,ONGOING,13-03-2025,1
710,WP,12998,2023,WP/12998/2023,ONGOING,13-03-2025,1
711,WP,205,2025,WP/205/2025,ONGOING,13-03-2025,1
712,WP,2079,2024,WP/2079/2024,DISPOSED,17-03-2025,1
713,WP,8745,2022,WP/8745/2022,ONGOING,18-03-2025,7
714,WP,13206,2024,WP/13206/2024,DISPOSED,18-03-2025,1
715,WP,3458,2025,WP/3458/2025,ONGOING,18-03-2025,3
716,CP,181,2021,CP/181/2021,DISPOSED,19-03-2025,1
717,WP,6702,2024,WP/6702/2024,ONGOING,19-03-2025,1
718,WP,3685,2025,WP/3685/2025,DISPOSED,19-03-2025,1
719,IA,1208,2025,IA/1208/2025,DISPOSED,20-03-2025,1
720,WP,2978,2023,WP/2978/2023,ONGOING,20-03-2025,1
721,IA,14100,2024,IA/14100/2024,DISPOSED,21-03-2025,1
722,WP,3443,2023,WP/3443/2023,ONGOING,21-03-2025,1
723,WP,5617,2016,WP/5617/2016,ONGOING,24-03-2025,1
724,WP,6212,2021,WP/6212/2021,ONGOING,24-03-2025,1
725,WP,17400,2024,WP/17400/2024,ONGOING,24-03-2025,1
726,WP,4025,2025,WP/4025/2025,ONGOING,24-03-2025,1
727,CP,49,2025,CP/49/2025,ONGOING,25-03-2025,2
728,WP,15748,2024,WP/15748/2024,ONGOING,25-03-2025,1
729,WP,3780,2025,WP/3780/2025,ONGOING,25-03-2025,2
730,WP,3930,2025,WP/3930/2025,ONGOING,25-03-2025,1
731,WP,3261,2008,WP/3261/2008,ONGOING,26-03-2025,4
732,WP,7937,2023,WP/7937/2023,ONGOING,26-03-2025,2
733,WP,12404,2023,WP/12404/2023,ONGOING,26-03-2025,1
734,WP,19230,2024,WP/19230/2024,ONGOING,26-03-2025,2
735,WP,19343,2024,WP/19343/2024,ONGOING,26-03-2025,2
736,WP,19344,2024,WP/19344/2024,ONGOING,26-03-2025,2
737,WP,3693,2025,WP/3693/2025,DISPOSED,26-03-2025,1
738,WP,4232,2025,WP/4232/2025,DISPOSED,26-03-2025,1
739,WP,1968,2023,WP/1968/2023,ONGOING,27-03-2025,1
740,WP,439,2025,WP/439/2025,ONGOING,27-03-2025,4
741,WP,4263,2025,WP/4263/2025,DISPOSED,27-03-2025,1
742,IA,2014,2023,IA/2014/2023,ONGOING,28-03-2025,2
743,WP,16567,2024,WP/16567/2024,ONGOING,28-03-2025,1
744,WP,19106,2024,WP/19106/2024,ONGOING,28-03-2025,1
745,CP,328,2024,CP/328/2024,ONGOING,01-04-2025,2
746,WP,13617,2017,WP/13617/2017,ONGOING,01-04-2025,1
747,WP,14811,2023,WP/14811/2023,ONGOING,01-04-2025,2
748,WP,17578,2024,WP/17578/2024,ONGOING,01-04-2025,1
749,WP,4282,2025,WP/4282/2025,DISPOSED,01-04-2025,2
750,WP,9434,2021,WP/9434/2021,ONGOING,01-04-2025,1
751,CP,177,2025,CP/177/2025,DISPOSED,02-04-2025,2
752,WP,14144,2023,WP/14144/2023,ONGOING,02-04-2025,1
753,WP,3152,2021,WP/3152/2021,ONGOING,02-04-2025,1
754,WP,4035,2025,WP/4035/2025,ONGOING,02-04-2025,1
755,WP,4109,2025,WP/4109/2025,ONGOING,02-04-2025,1
756,WP,4286,2025,WP/4286/2025,DISPOSED,02-04-2025,4
757,WP,6386,2024,WP/6386/2024,ONGOING,02-04-2025,2
758,WP,83,2025,WP/83/2025,ONGOING,02-04-2025,3
759,WP,10470,2024,WP/10470/2024,ONGOING,03-04-2025,6
760,WP,10621,2023,WP/10621/2023,ONGOING,03-04-2025,2
761,WP,12174,2024,WP/12174/2024,ONGOING,03-04-2025,3
762,WP,13068,2023,WP/13068/2023,ONGOING,03-04-2025,1
763,WP,13270,2024,WP/13270/2024,ONGOING,03-04-2025,1
764,WP,16445,2023,WP/16445/2023,ONGOING,03-04-2025,1
765,WP,6986,2023,WP/6986/2023,ONGOING,03-04-2025,1
766,WP,7914,2024,WP/7914/2024,ONGOING,03-04-2025,2
767,IA,15324,2023,IA/15324/2023,ONGOING,04-04-2025,1
768,IA,1987,2025,IA/1987/2025,ONGOING,04-04-2025,2
769,WP,2399,2023,WP/2399/2023,ONGOING,04-04-2025,1
770,WP,4532,2025,WP/4532/2025,ONGOING,04-04-2025,5
771,WP,11739,2023,WP/11739/2023,ONGOING,07-04-2025,1
772,WP,15565,2022,WP/15565/2022,ONGOING,07-04-2025,1
773,WP,15603,2022,WP/15603/2022,ONGOING,07-04-2025,1
774,WP,1603,2025,WP/1603/2025,ONGOING,07-04-2025,1
775,WP,2681,2025,WP/2681/2025,DISPOSED,07-04-2025,2
776,WP,3676,2025,WP/3676/2025,DISPOSED,07-04-2025,2
777,WP,8395,2021,WP/8395/2021,ONGOING,07-04-2025,1
778,WP,882,2025,WP/882/2025,ONGOING,07-04-2025,1
779,WP,1489,2015,WP/1489/2015,ONGOING,08-04-2025,1
780,WP,15538,2022,WP/15538/2022,ONGOING,08-04-2025,4
781,WP,16365,2023,WP/16365/2023,ONGOING,08-04-2025,1
782,WP,17843,2024,WP/17843/2024,DISPOSED,08-04-2025,7
783,WP,2966,2023,WP/2966/2023,ONGOING,08-04-2025,1
784,WP,3984,2025,WP/3984/2025,ONGOING,08-04-2025,8
785,WP,4730,2025,WP/4730/2025,DISPOSED,08-04-2025,1
786,WP,5266,2022,WP/5266/2022,ONGOING,08-04-2025,1
787,WP,5349,2024,WP/5349/2024,ONGOING,08-04-2025,2
788,WP,7360,2023,WP/7360/2023,ONGOING,08-04-2025,1
789,IA,1513,2022,IA/1513/2022,DISPOSED,09-04-2025,2
790,WP,1012,2025,WP/1012/2025,ONGOING,09-04-2025,1
791,WP,12544,2024,WP/12544/2024,DISPOSED,09-04-2025,2
792,WP,14850,2024,WP/14850/2024,ONGOING,09-04-2025,1
793,WP,16436,2023,WP/16436/2023,ONGOING,09-04-2025,3
794,WP,16629,2023,WP/16629/2023,ONGOING,09-04-2025,3
795,WP,16684,2024,WP/16684/2024,ONGOING,09-04-2025,1
796,WP,2219,2024,WP/2219/2024,ONGOING,09-04-2025,1
797,WP,557,2024,WP/557/2024,ONGOING,09-04-2025,1
798,WP,7372,2024,WP/7372/2024,ONGOING,09-04-2025,1
799,WP,8680,2023,WP/8680/2023,ONGOING,09-04-2025,1
800,WP,127,2016,WP/127/2016,ONGOING,15-04-2025,1
801,WP,16894,2024,WP/16894/2024,ONGOING,15-04-2025,1
802,WP,18380,2024,WP/18380/2024,ONGOING,15-04-2025,5
803,WP,4935,2025,WP/4935/2025,DISPOSED,15-04-2025,2
804,WP,15606,2024,WP/15606/2024,DISPOSED,16-04-2025,2
805,WP,3374,2023,WP/3374/2023,ONGOING,16-04-2025,3
806,WP,4990,2025,WP/4990/2025,ONGOING,16-04-2025,1
807,WP,7219,2024,WP/7219/2024,ONGOING,16-04-2025,1
808,WP,758,2019,WP/758/2019,ONGOING,16-04-2025,1
809,WP,9520,2024,WP/9520/2024,ONGOING,16-04-2025,1
810,IA,1576,2025,IA/1576/2025,ONGOING,17-04-2025,1
811,IA,3009,2025,IA/3009/2025,ONGOING,17-04-2025,1
812,WP,3665,2025,WP/3665/2025,ONGOING,17-04-2025,3
813,WP,5018,2025,WP/5018/2025,ONGOING,17-04-2025,7
814,WP,6050,2024,WP/6050/2024,ONGOING,17-04-2025,1
815,WP,12803,2017,WP/12803/2017,ONGOING,21-04-2025,1
816,WP,13846,2016,WP/13846/2016,ONGOING,21-04-2025,1
817,WP,1693,2023,WP/1693/2023,ONGOING,21-04-2025,2
818,WP,19102,2024,WP/19102/2024,ONGOING,21-04-2025,1
819,WP,2676,2025,WP/2676/2025,ONGOING,21-04-2025,1
820,WP,2886,2024,WP/2886/2024,ONGOING,21-04-2025,1
821,WP,4531,2025,WP/4531/2025,ONGOING,21-04-2025,5
822,WP,5232,2025,WP/5232/2025,ONGOING,21-04-2025,2
823,WP,6195,2024,WP/6195/2024,ONGOING,21-04-2025,2
824,WP,6585,2015,WP/6585/2015,ONGOING,21-04-2025,1
825,WP,8648,2024,WP/8648/2024,ONGOING,21-04-2025,3
826,WP,9236,2021,WP/9236/2021,ONGOING,21-04-2025,1
827,WP,11657,2024,WP/11657/2024,ONGOING,22-04-2025,1
828,WP,12564,2024,WP/12564/2024,ONGOING,22-04-2025,2
829,WP,15059,2024,WP/15059/2024,ONGOING,22-04-2025,1
830,WP,2631,2025,WP/2631/2025,ONGOING,22-04-2025,1
831,WP,3769,2025,WP/3769/2025,ONGOING,22-04-2025,2
832,WP,4164,2022,WP/4164/2022,ONGOING,22-04-2025,1
833,WP,4516,2023,WP/4516/2023,ONGOING,22-04-2025,1
834,WP,5075,2023,WP/5075/2023,ONGOING,22-04-2025,1
835,WP,5398,2024,WP/5398/2024,ONGOING,22-04-2025,1
836,WP,5400,2025,WP/5400/2025,DISPOSED,22-04-2025,1
837,WP,6231,2023,WP/6231/2023,ONGOING,22-04-2025,1
838,WP,7433,2022,WP/7433/2022,ONGOING,22-04-2025,1
839,WP,861,2025,WP/861/2025,ONGOING,22-04-2025,1
840,WP,9806,2024,WP/9806/2024,ONGOING,22-04-2025,1
841,WP,11712,2022,WP/11712/2022,ONGOING,23-04-2025,1
842,WP,12014,2023,WP/12014/2023,ONGOING,23-04-2025,1
843,WP,14155,2022,WP/14155/2022,ONGOING,23-04-2025,1
844,WP,19168,2024,WP/19168/2024,ONGOING,23-04-2025,1
845,WP,3967,2025,WP/3967/2025,ONGOING,23-04-2025,1
846,WP,9759,2022,WP/9759/2022,DISPOSED,23-04-2025,1
847,IA(ST),19157,2023,IA(ST)/19157/2023,ONGOING,24-04-2025,1
848,IA(ST),21242,2024,IA(ST)/21242/2024,ONGOING,24-04-2025,1
849,IA,14431,2024,IA/14431/2024,ONGOING,24-04-2025,1
850,IA,7547,2024,IA/7547/2024,DISPOSED,24-04-2025,1
851,WP(ST),25538,2019,WP(ST)/25538/2019,ONGOING,24-04-2025,1
852,WP,127,2023,WP/127/2023,ONGOING,24-04-2025,1
853,WP,7657,2023,WP/7657/2023,ONGOING,24-04-2025,3
854,WP,12621,2023,WP/12621/2023,ONGOING,28-04-2025,3
855,WP,14887,2023,WP/14887/2023,ONGOING,28-04-2025,1
856,WP,3651,2025,WP/3651/2025,ONGOING,28-04-2025,2
857,WP,5474,2025,WP/5474/2025,DISPOSED,28-04-2025,1
858,WP,5489,2025,WP/5489/2025,DISPOSED,28-04-2025,1
859,WP,5643,2025,WP/5643/2025,ONGOING,28-04-2025,5
860,WP,5696,2025,WP/5696/2025,DISPOSED,28-04-2025,3
861,WP,655,2025,WP/655/2025,ONGOING,28-04-2025,3
862,CP,173,2025,CP/173/2025,ONGOING,29-04-2025,1
863,WP,13244,2017,WP/13244/2017,ONGOING,29-04-2025,1
864,WP,206,2003,WP/206/2003,ONGOING,29-04-2025,1
865,WP,5338,2025,WP/5338/2025,ONGOING,29-04-2025,4
866,WP,5344,2025,WP/5344/2025,ONGOING,29-04-2025,1
867,WP(ST),1282,2022,WP(ST)/1282/2022,ONGOING,30-04-2025,1
868,WP(ST),13935,2025,WP(ST)/13935/2025,ONGOING,30-04-2025,1
869,WP(ST),13937,2025,WP(ST)/13937/2025,ONGOING,30-04-2025,1
870,WP,16501,2023,WP/16501/2023,ONGOING,30-04-2025,2
871,WP,17095,2024,WP/17095/2024,ONGOING,30-04-2025,1
872,WP,5390,2025,WP/5390/2025,DISPOSED,30-04-2025,2
873,WP,5655,2025,WP/5655/2025,DISPOSED,30-04-2025,1
874,WP,5817,2025,WP/5817/2025,DISPOSED,30-04-2025,1
875,WP,5829,2025,WP/5829/2025,DISPOSED,30-04-2025,1
876,IA,2023,2025,IA/2023/2025,ONGOING,02-05-2025,1
877,IA,7709,2025,IA/7709/2025,ONGOING,02-05-2025,3
878,IA,7887,2025,IA/7887/2025,DISPOSED,02-05-2025,1
879,RPW,55,2025,RPW/55/2025,ONGOING,02-05-2025,1
880,WP,13394,2024,WP/13394/2024,ONGOING,02-05-2025,1
881,WP,5423,2025,WP/5423/2025,ONGOING,02-05-2025,1
882,WP,8659,2024,WP/8659/2024,DISPOSED,02-05-2025,1
883,WP,17918,2024,WP/17918/2024,DISPOSED,05-05-2025,1
884,WP,5524,2025,WP/5524/2025,ONGOING,06-05-2025,2
885,WP,6094,2025,WP/6094/2025,ONGOING,06-05-2025,1
886,WP,6118,2025,WP/6118/2025,ONGOING,06-05-2025,1
887,WP,6121,2025,WP/6121/2025,ONGOING,06-05-2025,1
888,WP(ST),209,2021,WP(ST)/209/2021,ONGOING,07-05-2025,1
889,WP(ST),2282,2025,WP(ST)/2282/2025,ONGOING,07-05-2025,1
890,WP(ST),16682,2025,WP(ST)16682/2025/,DISPOSED,07-05-2025,1
891,WP,3914,2006,WP/3914/2006,ONGOING,07-05-2025,1
892,WP,6286,2025,WP/6286/2025,DISPOSED,07-05-2025,1
893,WP,18004,2024,WP/18004/2024,DISPOSED,09-05-2025,1
894,WP,19120,2024,WP/19120/2024,DISPOSED,09-05-2025,1
895,WP,1617,2020,WP/1617/2020,ONGOING,09-06-2025,1
896,WP,3283,2024,WP/3283/2024,ONGOING,09-06-2025,10
897,WP,6477,2025,WP/6477/2025,ONGOING,09-06-2025,1
898,WP,8284,2023,WP/8284/2023,ONGOING,09-06-2025,7
899,WP(ST),18509,2025,WP(ST)/18509/2025,ONGOING,10-06-2025,1
900,WP,13194,2022,WP/13194/2022,ONGOING,10-06-2025,2
901,WP,5268,2025,WP/5268/2025,DISPOSED,10-06-2025,5
902,WP,6676,2023,WP/6676/2023,DISPOSED,10-06-2025,2
903,WP,7057,2023,WP/7057/2023,ONGOING,10-06-2025,1
904,WP,9255,2017,WP/9255/2017,ONGOING,10-06-2025,3
905,IA(ST),6819,2024,IA(ST)/6819/2024,ONGOING,11-06-2025,1
906,WP,12928,2023,WP/12928/2023,ONGOING,11-06-2025,3
907,WP,2988,2024,WP/2988/2024,ONGOING,11-06-2025,1
908,WP,3445,2024,WP/3445/2024,ONGOING,11-06-2025,1
909,WP,4555,2025,WP/4555/2025,ONGOING,11-06-2025,2
910,WP,6527,2025,WP/6527/2025,ONGOING,11-06-2025,1
911,CP,256,2024,CP/256/2024,ONGOING,12-06-2025,1
912,WP,16344,2023,WP/16344/2023,ONGOING,12-06-2025,1
913,WP,6227,2025,WP/6227/2025,ONGOING,12-06-2025,1
914,WP,7273,2023,WP/7273/2023,ONGOING,12-06-2025,4
915,WP,819,2019,WP/819/2019,ONGOING,12-06-2025,7
916,WP,17309,2024,WP/17309/2024,ONGOING,13-06-2025,1
917,WP(ST),19787,2025,WP(ST)/19787/2025,ONGOING,13-06-2025,1
918,WP,9325,2022,WP/9325/2022,ONGOING,13-06-2025,1
919,WP,3727,2025,WP/3727/2025,DISPOSED,16-06-2025,14
920,WP,7162,2025,WP/7162/2025,DISPOSED,16-06-2025,6
921,WP,6510,2025,WP/6510/2025,ONGOING,17-06-2025,4
922,WP,7765,2025,WP/7765/2025,ONGOING,17-06-2025,4
923,IA,8655,2025,IA/8655/2025,ONGOING,18-06-2025,1
924,WP,3487,2023,WP/3487/2023,ONGOING,18-06-2025,1
925,WP,6561,2025,WP/6561/2025,ONGOING,18-06-2025,1
926,WP,7397,2025,WP/7397/2025,ONGOING,18-06-2025,6
927,WP,7660,2025,WP/7660/2025,ONGOING,18-06-2025,1
928,WP,11202,2014,WP/11202/2014,ONGOING,19-06-2025,1
929,WP,2217,2021,WP/2217/2021,ONGOING,19-06-2025,1
930,WP,3056,2023,WP/3056/2023,DISPOSED,19-06-2025,1
931,WP,6590,2025,WP/6590/2025,ONGOING,19-06-2025,1
932,WP,7459,2025,WP/7459/2025,DISPOSED,19-06-2025,1
933,WP,7466,2025,WP/7466/2025,ONGOING,19-06-2025,1
934,WP,7637,2023,WP/7637/2023,ONGOING,19-06-2025,1
935,WP,11993,2022,WP/11993/2022,ONGOING,20-06-2025,1
936,WP,15859,2022,WP/15859/2022,ONGOING,20-06-2025,2
937,WP,7431,2025,WP/7431/2025,ONGOING,20-06-2025,2
938,WP,7502,2025,WP/7502/2025,ONGOING,20-06-2025,7
939,WP,8049,2025,WP/8049/2025,ONGOING,20-06-2025,1
940,WP,8007,2025,WP/8007/2025,DISPOSED,23-06-2025,3
941,WP,8018,2025,WP/8018/2025,DISPOSED,23-06-2025,4
942,WP,8121,2025,WP/8121/2025,DISPOSED,23-06-2025,5
943,WP(ST),20252,2025,WP(ST)/20252/2025,DISPOSED,24-06-2025,3
944,WP,18667,2024,WP/18667/2024,ONGOING,24-06-2025,1
945,WP,7814,2025,WP/7814/2025,ONGOING,24-06-2025,6
946,WP,8154,2025,WP/8154/2025,DISPOSED,24-06-2025,1
947,CP,362,2025,CP/362/2025,ONGOING,25-06-2025,3
948,WP,11224,2023,WP/11224/2023,ONGOING,25-06-2025,3
949,WP,8637,2023,WP/8637/2023,ONGOING,25-06-2025,1
950,WP(ST),16167,1994,WP(ST)/16167/1994,ONGOING,26-06-2025,1
951,WP(ST),20249,2025,WP(ST)/20249/2025,DISPOSED,26-06-2025,2
952,WP,1972,2019,WP/1972/2019,ONGOING,26-06-2025,1
953,WP,4429,2023,WP/4429/2023,ONGOING,26-06-2025,1
954,WP,7005,2018,WP/7005/2018,ONGOING,26-06-2025,1
955,WP,7942,2025,WP/7942/2025,ONGOING,26-06-2025,1
956,WP,8175,2025,WP/8175/2025,DISPOSED,26-06-2025,1
957,WP,8198,2025,WP/8198/2025,ONGOING,26-06-2025,1
958,WP,8051,2025,WP/8051/2025,ONGOING,27-06-2025,5
959,WP,5331,2021,WP/5331/2021,ONGOING,30-06-2025,1
960,WP,8226,2025,WP/8226/2025,ONGOING,30-06-2025,3
961,WP,8666,2025,WP/8666/2025,ONGOING,30-06-2025,1
962,WP,8484,2025,WP/8484/2025,ONGOING,01-07-2025,2
963,WP,8801,2025,WP/8801/2025,ONGOING,01-07-2025,2
964,WP,6837,2025,WP/6837/2025,ONGOING,02-07-2025,1
965,WP,7702,2024,WP/7702/2024,ONGOING,02-07-2025,3
966,WP,8331,2025,WP/8331/2025,ONGOING,02-07-2025,1
967,WP,8422,2025,WP/8422/2025,ONGOING,02-07-2025,3
968,WP,865,2024,WP/865/2024,ONGOING,03-07-2025,2
969,WP,1631,2025,WP/1631/2025,ONGOING,03-07-2025,2
970,WP,5178,2025,WP/5178/2025,ONGOING,03-07-2025,2
971,WP,6539,2025,WP/6539/2025,ONGOING,03-07-2025,2
972,WP,6911,2025,WP/6911/2025,ONGOING,03-07-2025,1
973,WP,8522,2025,WP/8522/2025,ONGOING,03-07-2025,2
974,WP,6986,2025,WP/6986/2025,ONGOING,04-07-2025,3
975,WP,6990,2025,WP/6990/2025,ONGOING,04-07-2025,3
976,WP,7009,2025,WP/7009/2025,DISPOSED,04-07-2025,2
977,WP,8599,2025,WP/8599/2025,ONGOING,04-07-2025,3
978,WP,8877,2025,WP/8877/2025,ONGOING,08-07-2025,5
979,WP,7448,2025,WP/7448/2025,ONGOING,09-07-2025,3
980,WP,9961,2024,WP/9961/2024,ONGOING,10-07-2025,2
981,WP,14611,2024,WP/14611/2024,ONGOING,10-07-2025,1
982,IA,7971,2025,IA/7971/2025,ONGOING,11-07-2025,2
983,WP,6920,2025,WP/6920/2025,ONGOING,11-07-2025,3
984,WP,7107,2025,WP/7107/2025,ONGOING,14-07-2025,2
985,WP,9572,2025,WP/9572/2025,ONGOING,14-07-2025,1
986,WP,16522,2024,WP/16522/2024,ONGOING,14-07-2025,1
987,WP,18475,2024,WP/18475/2024,ONGOING,14-07-2025,1
988,WP,1464,2025,WP/1464/2025,ONGOING,15-07-2025,3
989,WP,9630,2025,WP/9630/2025,ONGOING,15-07-2025,1
990,WP,13329,2024,WP/13329/2024,ONGOING,15-07-2025,1
991,WP,15850,2024,WP/15850/2024,ONGOING,15-07-2025,1
992,WP,16468,2024,WP/16468/2024,ONGOING,15-07-2025,1
993,CP,367,2025,CP/367/2025,DISPOSED,16-07-2025,2
994,WP,6265,2024,WP/6265/2024,ONGOING,16-07-2025,1
995,WP,7139,2024,WP/7139/2024,ONGOING,16-07-2025,1
996,WP,6575,2025,WP/6575/2025,ONGOING,17-07-2025,2
997,WP,6852,2024,WP/6852/2024,ONGOING,17-07-2025,12
998,WP,7161,2025,WP/7161/2025,ONGOING,17-07-2025,2
999,WP,7820,2025,WP/7820/2025,ONGOING,17-07-2025,2
1000,WP,9386,2025,WP/9386/2025,DISPOSED,17-07-2025,2
1001,WP,14189,2023,WP/14189/2023,ONGOING,17-07-2025,1
1002,WP,16434,2024,WP/16434/2024,DISPOSED,17-07-2025,5
1003,WP,9637,2025,WP/9637/2025,ONGOING,18-07-2025,5
1004,WP,14096,2024,WP/14096/2024,ONGOING,18-07-2025,1
1005,IA(ST),21413,2025,IA(ST)/21413/2025,ONGOING,21-07-2025,2
1006,WP,3379,2025,WP/3379/2025,ONGOING,21-07-2025,2
1007,WP,4208,2025,WP/4208/2025,ONGOING,21-07-2025,2
1008,WP,4786,2018,WP/4786/2018,ONGOING,21-07-2025,8
1009,WP,6366,2017,WP/6366/2017,ONGOING,21-07-2025,1
1010,WP,8629,2024,WP/8629/2024,ONGOING,23-07-2025,3
1011,WP,9840,2025,WP/9840/2025,DISPOSED,23-07-2025,2
1012,WP,6232,2024,WP/6232/2024,ONGOING,24-07-2025,4
1013,WP,6817,2024,WP/6817/2024,ONGOING,24-07-2025,3
1014,WP,8636,2024,WP/8636/2024,ONGOING,24-07-2025,2
1015,WP,9902,2025,WP/9902/2025,ONGOING,24-07-2025,1
1016,WP,10064,2025,WP/10064/2025,ONGOING,24-07-2025,1
1017,WP,10068,2025,WP/10068/2025,ONGOING,24-07-2025,3
1018,CP,58,2025,CP/58/2025,ONGOING,25-07-2025,2
1019,WP,4812,2023,WP/4812/2023,ONGOING,25-07-2025,3
1020,WP,10053,2025,WP/10053/2025,ONGOING,25-07-2025,1
1021,IA,150,2025,IA/150/2025,ONGOING,28-07-2025,2
1022,WP,543,2022,WP/543/2022,ONGOING,28-07-2025,3
1023,WP,2631,2024,WP/2631/2024,ONGOING,28-07-2025,3
1024,WP,15411,2024,WP/15411/2024,ONGOING,28-07-2025,2
1025,WP,1389,2020,WP/1389/2020,ONGOING,29-07-2025,10
1026,WP,2868,2024,WP/2868/2024,ONGOING,29-07-2025,4
1027,WP,14750,2024,WP/14750/2024,DISPOSED,30-07-2025,4
1028,WP,16194,2024,WP/16194/2024,ONGOING,30-07-2025,1
1029,WP,17852,2024,WP/17852/2024,ONGOING,30-07-2025,2
1030,WP,10290,2025,WP/10290/2025,ONGOING,31-07-2025,3
1031,WP,9433,2023,WP/9433/2023,ONGOING,01-08-2025,2
1032,WP,9712,2021,WP/9712/2021,ONGOING,01-08-2025,2
1033,WP,14180,2023,WP/14180/2023,ONGOING,01-08-2025,1
1034,WP,18104,2024,WP/18104/2024,DISPOSED,01-08-2025,1
1035,WP(ST),769,2022,WP(ST)/769/2022,DISPOSED,01-08-2025,1
1036,WP(ST),3781,2025,WP(ST)/3781/2025,ONGOING,01-08-2025,1
1037,IA,9313,2025,IA/9313/2025,ONGOING,04-08-2025,2
1038,WP,1435,2025,WP/1435/2025,ONGOING,04-08-2025,1
1039,CP,504,2025,CP/504/2025,ONGOING,05-08-2025,1
1040,WP,10733,2025,WP/10733/2025,ONGOING,05-08-2025,1
1041,WP,10762,2025,WP/10762/2025,ONGOING,05-08-2025,3
1042,WP,11162,2017,WP/11162/2017,ONGOING,05-08-2025,1
1043,WP,2384,2021,WP/2384/2021,ONGOING,06-08-2025,2
1044,WP,10722,2025,WP/10722/2025,ONGOING,06-08-2025,4
1045,WP,10736,2025,WP/10736/2025,ONGOING,06-08-2025,4
1046,CP,491,2025,CP/491/2025,DISPOSED,07-08-2025,2
1047,WP,4869,2024,WP/4869/2024,ONGOING,07-08-2025,1
1048,WP,10397,2025,WP/10397/2025,DISPOSED,07-08-2025,3
1049,WP,10466,2025,WP/10466/2025,ONGOING,07-08-2025,1
1050,WP,10615,2025,WP/10615/2025,ONGOING,07-08-2025,2
1051,WP(ST),25171,2025,WP(ST)/25171/2025,ONGOING,07-08-2025,1
1052,IA,10906,2025,IA/10906/2025,ONGOING,08-08-2025,1
1053,WP,4180,2022,WP/4180/2022,ONGOING,08-08-2025,2
1054,WP,10961,2024,WP/10961/2024,ONGOING,08-08-2025,1
1055,WP(ST),23039,2025,WP(ST)/23039/2025,ONGOING,08-08-2025,1
1056,IA,9608,2025,IA/9608/2025,ONGOING,11-08-2025,5
1057,WP,3238,2025,WP/3238/2025,ONGOING,11-08-2025,1
1058,WP,10922,2025,WP/10922/2025,ONGOING,11-08-2025,1
1059,CP,433,2025,CP/433/2025,ONGOING,12-08-2025,2
1060,CP,440,2025,CP/440/2025,ONGOING,12-08-2025,1
1061,WP,380,2025,WP/380/2025,ONGOING,12-08-2025,2
1062,WP,17808,2024,WP/17808/2024,ONGOING,12-08-2025,1
1063,WP,10063,2025,WP/10063/2025,ONGOING,13-08-2025,1
1064,WP(ST),24839,2025,WP(ST)/24839/2025,ONGOING,13-08-2025,1
1065,WP,3987,2019,WP/3987/2019,ONGOING,14-08-2025,1
1066,WP,6142,2024,WP/6142/2024,ONGOING,14-08-2025,2
1067,WP,8405,2021,WP/8405/2021,ONGOING,14-08-2025,3
1068,WP,14567,2022,WP/14567/2022,ONGOING,14-08-2025,2
1069,WP,15584,2022,WP/15584/2022,ONGOING,14-08-2025,1
1070,WP,8508,2025,WP/8508/2025,ONGOING,19-08-2025,1
1071,WP,11193,2025,WP/11193/2025,ONGOING,19-08-2025,1
1072,WP,9570,2025,WP/9570/2025,DISPOSED,22-08-2025,2
1073,WP,11269,2025,WP/11269/2025,DISPOSED,25-08-2025,1
1074,WP,6076,2019,WP/6076/2019,ONGOING,26-08-2025,3
1075,WP,11316,2025,WP/11316/2025,ONGOING,26-08-2025,2
1076,WP,18695,2024,WP/18695/2024,ONGOING,26-08-2025,1
1077,WP,9949,2025,WP/9949/2025,ONGOING,02-09-2025,3
1078,IA,11286,2025,IA/11286/2025,DISPOSED,03-09-2025,1
1079,WP,11231,2025,WP/11231/2025,ONGOING,08-09-2025,1
1080,WP,11651,2025,WP/11651/2025,ONGOING,09-09-2025,8
1081,WP,9961,2025,WP/9961/2025,ONGOING,10-09-2025,1
1082,WP,10570,2025,WP/10570/2025,ONGOING,10-09-2025,5
1083,WP,13284,2022,WP/13284/2022,ONGOING,10-09-2025,1
1084,WP,9628,2025,WP/9628/2025,DISPOSED,11-09-2025,4
1085,WP,13809,2024,WP/13809/2024,ONGOING,11-09-2025,1
1086,RPW,60,2025,RPW/60/2025,ONGOING,12-09-2025,1
1087,WP,7445,2018,WP/7445/2018,ONGOING,15-09-2025,2
1088,WP,11944,2025,WP/11944/2025,DISPOSED,15-09-2025,1
1089,WP(ST),30708,2025,WP(ST)/30708/2025,DISPOSED,15-09-2025,1
1090,WP,8855,2025,WP/8855/2025,DISPOSED,16-09-2025,2
1091,WP,9243,2025,WP/9243/2025,ONGOING,16-09-2025,1
1092,WP,11877,2025,WP/11877/2025,ONGOING,17-09-2025,4
1093,WP,19520,2024,WP/19520/2024,DISPOSED,17-09-2025,2
1094,WP(ST),18282,2025,WP(ST)/18282/2025,ONGOING,17-09-2025,5
1095,WP,1975,2025,WP/1975/2025,ONGOING,18-09-2025,1
1096,WP,11875,2025,WP/11875/2025,DISPOSED,18-09-2025,1
1097,IA,162,2025,IA/162/2025,DISPOSED,19-09-2025,1
1098,WP,6408,2025,WP/6408/2025,ONGOING,20-09-2025,1
1099,WP,11311,2025,WP/11311/2025,ONGOING,20-09-2025,5
1100,WP,12347,2025,WP/12347/2025,DISPOSED,22-09-2025,1
1101,WP,12040,2025,WP/12040/2025,DISPOSED,23-09-2025,1
1102,WP,12051,2025,WP/12051/2025,ONGOING,23-09-2025,1
1103,WP,12053,2025,WP/12053/2025,ONGOING,23-09-2025,1
1104,WP,12454,2025,WP/12454/2025,DISPOSED,24-09-2025,1
1105,WP,16640,2024,WP/16640/2024,ONGOING,25-09-2025,4
1106,WP,17608,2024,WP/17608/2024,ONGOING,25-09-2025,1
1107,WP,12400,2025,WP/12400/2025,ONGOING,26-09-2025,5
1108,WP,112,2025,WP/112/2025,ONGOING,01-10-2025,1
1109,WP,11366,2025,WP/11366/2025,ONGOING,01-10-2025,1
1110,WP,12816,2025,WP/12816/2025,ONGOING,01-10-2025,6
1111,WP,17055,2024,WP/17055/2024,ONGOING,01-10-2025,1
1112,WP,17335,2024,WP/17335/2024,ONGOING,01-10-2025,1
1113,WP,3833,2025,WP/3833/2025,ONGOING,01-10-2025,4
1114,WP,5276,2004,WP/5276/2004,ONGOING,01-10-2025,1
1115,WP,6950,2025,WP/6950/2025,DISPOSED,01-10-2025,4
1116,WP,10865,2025,WP/10865/2025,ONGOING,06-10-2025,1
1117,WP,12648,2025,WP/12648/2025,ONGOING,06-10-2025,1
1118,WP,1762,2025,WP/1762/2025,ONGOING,06-10-2025,3
1119,WP,2623,2006,WP/2623/2006,DISPOSED,06-10-2025,1
1120,CP(ST),24973,2025,CP(ST)/24973/2025,ONGOING,07-10-2025,2
1121,WP,11012,2025,WP/11012/2025,DISPOSED,07-10-2025,1
1122,WP,11921,2024,WP/11921/2024,ONGOING,07-10-2025,2
1123,WP,12842,2025,WP/12842/2025,DISPOSED,07-10-2025,4
1124,WP,1759,2025,WP/1759/2025,ONGOING,07-10-2025,1
1125,WP,8944,2023,WP/8944/2023,ONGOING,07-10-2025,1
1126,WP,12847,2025,WP/12847/2025,DISPOSED,08-10-2025,4
1127,WP,12898,2025,WP/12898/2025,ONGOING,08-10-2025,2
1128,WP,13026,2025,WP/13026/2025,ONGOING,08-10-2025,1
1129,WP,8182,2025,WP/8182/2025,ONGOING,08-10-2025,1
1130,WP,8425,2025,WP/8425/2025,ONGOING,08-10-2025,1
1131,CAW,2,2025,CAW/2/2025,ONGOING,09-10-2025,1
1132,WP,10493,2025,WP/10493/2025,ONGOING,09-10-2025,2
1133,WP,12190,2023,WP/12190/2023,ONGOING,09-10-2025,1
1134,WP,13244,2025,WP/13244/2025,DISPOSED,09-10-2025,1
1135,IA(ST),29423,2025,IA(ST)/29423/2025,DISPOSED,10-10-2025,5
1136,WP,11917,2025,WP/11917/2025,ONGOING,10-10-2025,1
1137,WP,13340,2025,WP/13340/2025,ONGOING,10-10-2025,4
1138,CP,514,2024,CP/514/2024,ONGOING,13-10-2025,1
1139,IA,12485,2025,IA/12485/2025,ONGOING,13-10-2025,2
1140,WP,10606,2014,WP/10606/2014,ONGOING,13-10-2025,8
1141,WP,13424,2025,WP/13424/2025,ONGOING,13-10-2025,2
1142,CP,442,2025,CP/442/2025,ONGOING,14-10-2025,2
1143,WP,13236,2025,WP/13236/2025,ONGOING,14-10-2025,4
1144,WP,13955,2024,WP/13955/2024,ONGOING,14-10-2025,1
1145,WP,4079,2021,WP/4079/2021,ONGOING,14-10-2025,1
1146,IA,9641,2025,IA/9641/2025,ONGOING,15-10-2025,5
1147,WP,13452,2025,WP/13452/2025,DISPOSED,15-10-2025,3
1148,WP,2226,2025,WP/2226/2025,ONGOING,15-10-2025,4
1149,WP,2561,2025,WP/2561/2025,ONGOING,15-10-2025,1
1150,WP,4364,2025,WP/4364/2025,ONGOING,15-10-2025,2
1151,IA,11557,2025,IA/11557/2025,ONGOING,16-10-2025,3
1152,IA,8217,2025,IA/8217/2025,ONGOING,16-10-2025,1
1153,WP,10927,2025,WP/10927/2025,DISPOSED,16-10-2025,4
1154,WP,13458,2025,WP/13458/2025,ONGOING,17-10-2025,1
1155,WP,13806,2025,WP/13806/2025,ONGOING,03-11-2025,2
1156,WP,13691,2025,WP/13691/2025,DISPOSED,04-11-2025,2
1157,WP,13694,2025,WP/13694/2025,ONGOING,04-11-2025,7
1158,CP,620,2025,CP/620/2025,ONGOING,06-11-2025,1
1159,WP,11194,2025,WP/11194/2025,ONGOING,06-11-2025,1
1160,WP,11483,2025,WP/11483/2025,ONGOING,06-11-2025,2
1161,WP,13548,2025,WP/13548/2025,ONGOING,06-11-2025,2
1162,WP,14446,2025,WP/14446/2025,ONGOING,06-11-2025,1
1163,WP,7030,2025,WP/7030/2025,ONGOING,06-11-2025,1
1164,IA,12772,2025,IA/12772/2025,ONGOING,07-11-2025,3
1165,WP,14376,2025,WP/14376/2025,ONGOING,07-11-2025,2
1166,WP,13891,2025,WP/13891/2025,ONGOING,10-11-2025,1
1167,WP,8487,2025,WP/8487/2025,ONGOING,10-11-2025,2
1168,PIL,96,2024,PIL/96/2024,ONGOING,11-11-2025,1
1169,WP,11805,2022,WP/11805/2022,ONGOING,11-11-2025,1
1170,WP,14327,2025,WP/14327/2025,ONGOING,11-11-2025,6
1171,WP,15039,2025,WP/15039/2025,ONGOING,11-11-2025,4
1172,WP,15044,2025,WP/15044/2025,ONGOING,11-11-2025,1
1173,WP,230,2025,WP/230/2025,DISPOSED,11-11-2025,1
1174,WP,4024,2025,WP/4024/2025,ONGOING,11-11-2025,1
1175,WP,8812,2025,WP/8812/2025,DISPOSED,11-11-2025,2
1176,WP,11455,2025,WP/11455/2025,ONGOING,12-11-2025,1
1177,WP,13128,2025,WP/13128/2025,ONGOING,12-11-2025,1
1178,WP,14706,2025,WP/14706/2025,ONGOING,12-11-2025,1
1179,WP,14978,2025,WP/14978/2025,DISPOSED,12-11-2025,4
1180,WP,16544,2023,WP/16544/2023,ONGOING,12-11-2025,2
1181,WP,18535,2024,WP/18535/2024,ONGOING,12-11-2025,1
1182,WP,6001,2025,WP/6001/2025,ONGOING,12-11-2025,1
1183,WP,14863,2025,WP/14863/2025,ONGOING,13-11-2025,2
1184,WP,15937,2024,WP/15937/2024,ONGOING,13-11-2025,3
1185,WP,15131,2025,WP/15131/2025,DISPOSED,14-11-2025,4
1186,WP,3626,2016,WP/3626/2016,ONGOING,14-11-2025,2
1187,WP,6852,2025,WP/6852/2025,ONGOING,14-11-2025,1
1188,WP,12965,2025,WP/12965/2025,ONGOING,17-11-2025,1
1189,WP,13732,2025,WP/13732/2025,ONGOING,17-11-2025,1
1190,WP,13791,2025,WP/13791/2025,ONGOING,17-11-2025,2
1191,WP,14228,2025,WP/14228/2025,ONGOING,17-11-2025,3
1192,WP,14357,2025,WP/14357/2025,ONGOING,17-11-2025,5
1193,WP,15213,2025,WP/15213/2025,ONGOING,17-11-2025,4
1194,WP,15234,2025,WP/15234/2025,ONGOING,17-11-2025,3
1195,WP,15350,2025,WP/15350/2025,ONGOING,17-11-2025,1
1196,WP,18066,2024,WP/18066/2024,ONGOING,17-11-2025,1
1197,WP,9424,2009,WP/9424/2009,ONGOING,17-11-2025,6
1198,WP,13657,2025,WP/13657/2025,ONGOING,18-11-2025,1
1199,WP,14463,2025,WP/14463/2025,ONGOING,18-11-2025,3
1200,WP,14483,2025,WP/14483/2025,ONGOING,18-11-2025,1
1201,WP,14520,2025,WP/14520/2025,ONGOING,18-11-2025,2
1202,WP,14621,2025,WP/14621/2025,DISPOSED,18-11-2025,4
1203,WP,6618,2023,WP/6618/2023,ONGOING,18-11-2025,1
1204,WP,13951,2025,WP/13951/2025,ONGOING,19-11-2025,1
1205,WP,14014,2025,WP/14014/2025,ONGOING,19-11-2025,1
1206,WP,14756,2025,WP/14756/2025,ONGOING,19-11-2025,3
1207,WP,14776,2025,WP/14776/2025,DISPOSED,19-11-2025,2
1208,WP,3120,2020,WP/3120/2020,DISPOSED,19-11-2025,1
1209,WP,1101,2012,WP/1101/2012,ONGOING,20-11-2025,2
1210,WP,6763,2024,WP/6763/2024,ONGOING,20-11-2025,2
1211,WP,2857,2025,WP/2857/2025,ONGOING,21-11-2025,1
1212,CP,729,2025,CP/729/2025,DISPOSED,24-11-2025,3
1213,CP,745,2025,CP/745/2025,DISPOSED,24-11-2025,1
1214,WP,12178,2025,WP/12178/2025,ONGOING,24-11-2025,3
1215,WP,16128,2023,WP/16128/2023,DISPOSED,24-11-2025,1
1216,PIL,133,2007,PIL/133/2007,ONGOING,25-11-2025,5
1217,WP,14404,2025,WP/14404/2025,ONGOING,25-11-2025,1
1218,WP,9262,2025,WP/9262/2025,ONGOING,25-11-2025,1
1219,WP,15010,2025,WP/15010/2025,ONGOING,26-11-2025,2
1220,WP,15614,2025,WP/15614/2025,ONGOING,26-11-2025,2
1221,WP,15837,2025,WP/15837/2025,DISPOSED,26-11-2025,1
1222,WP(ST),17400,2025,WP(ST)/17400/2025,DISPOSED,27-11-2025,2
1223,WP,14356,2025,WP/14356/2025,ONGOING,27-11-2025,1
1224,WP,15219,2025,WP/15219/2025,ONGOING,28-11-2025,4
1225,WP,15241,2025,WP/15241/2025,ONGOING,01-12-2025,2
1226,WP,1801,2012,WP/1801/2012,ONGOING,01-12-2025,1
1227,WP,10510,2025,WP/10510/2025,ONGOING,02-12-2025,1
1228,WP,12065,2025,WP/12065/2025,ONGOING,02-12-2025,2
1229,WP,13177,2023,WP/13177/2023,ONGOING,02-12-2025,1
1230,WP,13903,2022,WP/13903/2022,ONGOING,02-12-2025,1
1231,WP,14907,2022,WP/14907/2022,ONGOING,02-12-2025,1
1232,WP,15966,2025,WP/15966/2025,ONGOING,02-12-2025,3
1233,WP,16187,2025,WP/16187/2025,ONGOING,02-12-2025,4
1234,WP,7340,2025,WP/7340/2025,ONGOING,02-12-2025,2
1235,WP,11106,2025,WP/11106/2025,ONGOING,03-12-2025,1
1236,WP,12590,2025,WP/12590/2025,ONGOING,03-12-2025,1
1237,WP,8091,2022,WP/8091/2022,ONGOING,03-12-2025,1
1238,WP,14237,2025,WP/14237/2025,ONGOING,04-12-2025,2
1239,WP,14428,2025,WP/14428/2025,ONGOING,04-12-2025,4
1240,WP,16251,2025,WP/16251/2025,ONGOING,04-12-2025,2
1241,WP,12896,2024,WP/12896/2024,ONGOING,05-12-2025,1
1242,WP,14580,2025,WP/14580/2025,DISPOSED,05-12-2025,1
1243,WP,14674,2025,WP/14674/2025,ONGOING,05-12-2025,1
1244,WP,10030,2025,WP/10030/2025,ONGOING,08-12-2025,1
1245,WP,16284,2025,WP/16284/2025,ONGOING,08-12-2025,1
1246,WP,8910,2025,WP/8910/2025,ONGOING,08-12-2025,1
1247,WP,9503,2025,WP/9503/2025,ONGOING,08-12-2025,3
1248,WP,14686,2025,WP/14686/2025,ONGOING,09-12-2025,1
1249,WP,15610,2024,WP/15610/2024,DISPOSED,09-12-2025,1
1250,WP,16463,2025,WP/16463/2025,ONGOING,09-12-2025,7
1251,WP,2386,2024,WP/2386/2024,ONGOING,09-12-2025,1
1252,WP,8000,2023,WP/8000/2023,ONGOING,09-12-2025,1
1253,WP,7201,2021,WP/7201/2021,ONGOING,10-12-2025,1
1254,CP,790,2025,CP/790/2025,ONGOING,11-12-2025,2
1255,WP,15643,2025,WP/15643/2025,ONGOING,11-12-2025,2
1256,WP,16540,2025,WP/16540/2025,ONGOING,11-12-2025,4
1257,WP,18124,2024,WP/18124/2024,DISPOSED,11-12-2025,1
1258,WP,3089,2024,WP/3089/2024,ONGOING,11-12-2025,4
1259,WP,16781,2025,WP/16781/2025,ONGOING,15-12-2025,5
1260,WP,3178,2020,WP/3178/2020,DISPOSED,15-12-2025,2
1261,WP,801,2012,WP/801/2012,DISPOSED,15-12-2025,2
1262,WP,16692,2025,WP/16692/2025,ONGOING,16-12-2025,2
1263,WP,17112,2025,WP/17112/2025,DISPOSED,16-12-2025,1
1264,WP,17143,2025,WP/17143/2025,ONGOING,17-12-2025,2
1265,WP,16943,2025,WP/16943/2025,DISPOSED,18-12-2025,4
1266,WP,3927,2025,WP/3927/2025,ONGOING,18-12-2025,1
1267,WP,14144,2025,WP/14144/2025,ONGOING,19-12-2025,2
1268,PIL,107,2025,PIL/107/2025,ONGOING,22-12-2025,1
1269,WP,17292,2025,WP/17292/2025,ONGOING,22-12-2025,2
1270,WP,17382,2025,WP/17382/2025,ONGOING,22-12-2025,3
1271,WP,17455,2025,WP/17455/2025,ONGOING,22-12-2025,1
1272,IA,12047,2024,IA/12047/2024,ONGOING,23-12-2025,1
1273,WP,17469,2025,WP/17469/2025,DISPOSED,23-12-2025,1
1274,WP,17507,2025,WP/17507/2025,DISPOSED,23-12-2025,2
1275,WP,17239,2025,WP/17239/2025,ONGOING,24-12-2025,3
1276,WP,9625,2022,WP/9625/2022,DISPOSED,05-01-2026,2
1277,WP,17449,2025,WP/17449/2025,ONGOING,07-01-2026,4
1278,WP,17488,2025,WP/17488/2025,ONGOING,07-01-2026,1
1279,WP,17501,2025,WP/17501/2025,ONGOING,07-01-2026,2
1280,WP,17506,2025,WP/17506/2025,ONGOING,07-01-2026,1
1281,IA,135,2026,IA/135/2026,ONGOING,08-01-2026,1
1282,WP,17297,2025,WP/17297/2025,DISPOSED,08-01-2026,2
1283,WP,17486,2025,WP/17486/2025,ONGOING,08-01-2026,1
1284,WP,17661,2025,WP/17661/2025,ONGOING,08-01-2026,2
1285,WP,362,2026,WP/362/2026,DISPOSED,08-01-2026,2
1286,WP,6308,2025,WP/6308/2025,ONGOING,08-01-2026,1
1287,WP,17582,2025,WP/17582/2025,ONGOING,09-01-2026,1
1288,WP,17844,2025,WP/17844/2025,ONGOING,09-01-2026,4
1289,WP,14563,2025,WP/14563/2025,DISPOSED,12-01-2026,1
1290,WP,6873,2025,WP/6873/2025,ONGOING,12-01-2026,1
1291,WP,15216,2025,WP/15216/2025,DISPOSED,13-01-2026,1
1292,WP,10585,2025,WP/10585/2025,ONGOING,14-01-2026,2
1293,WP,16619,2025,WP/16619/2025,ONGOING,14-01-2026,1
1294,WP,17814,2025,WP/17814/2025,DISPOSED,14-01-2026,1
1295,WP,4564,2025,WP/4564/2025,ONGOING,14-01-2026,1
1296,WP,12313,2025,WP/12313/2025,ONGOING,16-01-2026,1
1297,WP,15835,2023,WP/15835/2023,DISPOSED,16-01-2026,1
1298,WP,15043,2025,WP/15043/2025,ONGOING,19-01-2026,1
1299,WP,657,2026,WP/657/2026,ONGOING,20-01-2026,2
1300,WP,14685,2024,WP/14685/2024,ONGOING,21-01-2026,1
1301,WP,10196,2025,WP/10196/2025,ONGOING,22-01-2026,1
1302,WP,1053,2026,WP/1053/2026,DISPOSED,22-01-2026,1
1303,WP,11325,2025,WP/11325/2025,ONGOING,22-01-2026,1
1304,WP,16282,2025,WP/16282/2025,DISPOSED,22-01-2026,1
1305,WP,5697,2024,WP/5697/2024,ONGOING,22-01-2026,1
1306,WP,16502,2025,WP/16502/2025,ONGOING,23-01-2026,1
1307,WP,16616,2025,WP/16616/2025,DISPOSED,27-01-2026,2
1308,WP,16728,2024,WP/16728/2024,ONGOING,29-01-2026,1
1309,WP,17383,2025,WP/17383/2025,ONGOING,29-01-2026,1
1310,WP,1883,2022,WP/1883/2022,DISPOSED,29-01-2026,2
1311,WP,1215,2026,WP/1215/2026,ONGOING,02-02-2026,2
1312,WP,1217,2026,WP/1217/2026,ONGOING,02-02-2026,1
1313,IA,9621,2025,IA/9621/2025,ONGOING,03-02-2026,1
1314,WP,10293,2019,WP/10293/2019,ONGOING,03-02-2026,1
1315,WP,1257,2026,WP/1257/2026,DISPOSED,03-02-2026,2
1316,WP,1478,2026,WP/1478/2026,ONGOING,03-02-2026,1
1317,WP,15887,2024,WP/15887/2024,ONGOING,03-02-2026,2
1318,WP,30,2020,WP/30/2020,ONGOING,03-02-2026,2
1319,WP,9437,2025,WP/9437/2025,ONGOING,03-02-2026,2
1320,CP,52,2026,CP/52/2026,ONGOING,04-02-2026,1
1321,CP,63,2026,CP/63/2026,ONGOING,04-02-2026,1
1322,WP,10332,2025,WP/10332/2025,ONGOING,04-02-2026,1
1323,WP,1277,2026,WP/1277/2026,ONGOING,04-02-2026,1
1324,WP,1438,2026,WP/1438/2026,ONGOING,04-02-2026,1
1325,WP,5734,2025,WP/5734/2025,ONGOING,04-02-2026,2
1326,WP,7298,2025,WP/7298/2025,ONGOING,04-02-2026,2
1327,WP,10232,2022,WP/10232/2022,ONGOING,05-02-2026,1
1328,WP,1437,2026,WP/1437/2026,ONGOING,05-02-2026,1
1329,WP,13833,2018,WP/13833/2018,DISPOSED,09-02-2026,1
1330,WP,1808,2026,WP/1808/2026,ONGOING,09-02-2026,1
1331,WP,4100,2018,WP/4100/2018,ONGOING,09-02-2026,2
1332,WP,1586,2026,WP/1586/2026,ONGOING,10-02-2026,1
1333,WP,1607,2026,WP/1607/2026,ONGOING,10-02-2026,1
1334,WP,1615,2026,WP/1615/2026,ONGOING,10-02-2026,1
1335,WP,1642,2026,WP/1642/2026,ONGOING,10-02-2026,4
1336,WP,1965,2026,WP/1965/2026,ONGOING,10-02-2026,3
1337,WP,3306,2025,WP/3306/2025,ONGOING,10-02-2026,2
1338,WP,4447,2018,WP/4447/2018,ONGOING,10-02-2026,2
1339,WP,1721,2026,WP/1721/2026,ONGOING,11-02-2026,1
1340,WP,4871,2015,WP/4871/2015,ONGOING,11-02-2026,2
1341,WP,1579,2026,WP/1579/2026,ONGOING,12-02-2026,1
1342,WP,16692,2025,WP/16692/2025\,ONGOING,12-02-2026,1
1343,WP,1836,2026,WP/1836/2026,ONGOING,12-02-2026,1
1344,CP,108,2026,CP/108/2026,ONGOING,13-02-2026,1
1345,WP,3975,2005,WP/3975/2005,ONGOING,13-02-2026,1
1346,WP,4624,2024,WP/4624/2024,ONGOING,16-02-2026,2
1347,WP,4796,2024,WP/4796/2024,DISPOSED,16-02-2026,1
1348,WP,12238,2016,WP/12238/2016,ONGOING,17-02-2026,1
1349,WP,2316,2026,WP/2316/2026,ONGOING,17-02-2026,4
1350,WP,3335,2009,WP/3335/2009,ONGOING,17-02-2026,3
1351,WP,15629,2025,WP/15629/2025,ONGOING,18-02-2026,1
1352,WP,1926,2026,WP/1926/2026,ONGOING,18-02-2026,2
1353,WP,2669,2020,WP/2669/2020,ONGOING,18-02-2026,1
1354,WP,5302,2017,WP/5302/2017,DISPOSED,18-02-2026,2
1355,WP,2480,2026,WP/2480/2026,ONGOING,20-02-2026,1
1356,IA,13099,2025,IA/13099/2025,ONGOING,23-02-2026,1
1357,WP(ST),5032,2026,WP(ST)/5032/2026,ONGOING,23-02-2026,2
1358,WP,17229,2024,WP/17229/2024,ONGOING,23-02-2026,1
1359,WP,19154,2024,WP/19154/2024,ONGOING,23-02-2026,1
1360,WP,2451,2026,WP/2451/2026,DISPOSED,23-02-2026,4
1361,WP,1484,2016,WP/1484/2016,ONGOING,24-02-2026,2
1362,WP,1784,2026,WP/1784/2026,ONGOING,24-02-2026,3
1363,WP,2274,2026,WP/2274/2026,ONGOING,24-02-2026,2
1364,WP,2311,2026,WP/2311/2026,ONGOING,24-02-2026,1
1365,WP,2619,2026,WP/2619/2026,ONGOING,24-02-2026,1
1366,WP,7138,2018,WP/7138/2018,DISPOSED,24-02-2026,1
1367,WP,1561,2026,WP/1561/2026,ONGOING,25-02-2026,1
1368,WP,2338,2026,WP/2338/2026,ONGOING,25-02-2026,1
1369,WP,2548,2026,WP/2548/2026,ONGOING,25-02-2026,1
1370,WP,14146,2023,WP/14146/2023,ONGOING,26-02-2026,2
1371,WP,17219,2024,WP/17219/2024,ONGOING,26-02-2026,3
1372,WP,2462,2026,WP/2462/2026,ONGOING,26-02-2026,1
1373,WP,2465,2026,WP/2465/2026,ONGOING,26-02-2026,2
1374,WP,2681,2026,WP/2681/2026,ONGOING,26-02-2026,2
1375,WP,5567,2024,WP/5567/2024,ONGOING,26-02-2026,1
1376,WP,10000,2017,WP/10000/2017,ONGOING,27-02-2026,1
1377,WP,132,2016,WP/132/2016,ONGOING,27-02-2026,1
1378,WP,17219,2025,WP/17219/2025,ONGOING,27-02-2026,2
1379,WP,18916,2024,WP/18916/2024,ONGOING,27-02-2026,1
1380,WP,7845,2018,WP/7845/2018,ONGOING,27-02-2026,1
1381,CP,141,2026,CP/141/2026,ONGOING,04-03-2026,2
1382,WP,2630,2026,WP/2630/2026,ONGOING,04-03-2026,1
1383,WP,2646,2026,WP/2646/2026,ONGOING,04-03-2026,1
1384,WP,2677,2026,WP/2677/2026,ONGOING,04-03-2026,2
1385,WP,644,2026,WP/644/2026,ONGOING,04-03-2026,1
1386,WP,925,2026,WP/925/2026,DISPOSED,04-03-2026,1
1387,WP,950,2026,WP/950/2026,DISPOSED,04-03-2026,2
1388,WP,1763,2026,WP/1763/2026,ONGOING,05-03-2026,3
1389,WP,2688,2026,WP/2688/2026,DISPOSED,05-03-2026,2
1390,WP,2694,2026,WP/2694/2026,ONGOING,05-03-2026,1
1391,WP,2773,2026,WP/2773/2026,ONGOING,05-03-2026,2
1392,WP,2798,2026,WP/2798/2026,ONGOING,05-03-2026,1
1393,WP,8111,2025,WP/8111/2025,DISPOSED,05-03-2026,1
1394,WP,9069,2025,WP/9069/2025,DISPOSED,05-03-2026,1
1395,WP,15847,2025,WP/15847/2025,ONGOING,06-03-2026,2
1396,WP,1681,2014,WP/1681/2014,ONGOING,06-03-2026,2
1397,WP,17556,2025,WP/17556/2025,DISPOSED,06-03-2026,1
1398,WP,2794,2026,WP/2794/2026,ONGOING,06-03-2026,2
1399,WP,13847,2024,WP/13847/2024,DISPOSED,09-03-2026,1
1400,WP,12629,2025,WP/12629/2025,ONGOING,10-03-2026,1
1401,WP,14155,2023,WP/14155/2023,DISPOSED,10-03-2026,2
1402,WP,16522,2025,WP/16522/2025,ONGOING,10-03-2026,1
1403,WP,2729,2026,WP/2729/2026,ONGOING,10-03-2026,1
1404,WP,3061,2026,WP/3061/2026,ONGOING,10-03-2026,1
1405,WP,13916,2024,WP/13916/2024,ONGOING,11-03-2026,1
1406,WP,14454,2025,WP/14454/2025,ONGOING,11-03-2026,1
1407,WP,2238,2026,WP/2238/2026,ONGOING,11-03-2026,1
1408,WP,3007,2026,WP/3007/2026,ONGOING,11-03-2026,2
1409,WP,3010,2026,WP/3010/2026,ONGOING,11-03-2026,2
1410,WP,3018,2026,WP/3018/2026,ONGOING,11-03-2026,2
1411,WP,3349,2026,WP/3349/2026,ONGOING,11-03-2026,3
1412,WP,834,2026,WP/834/2026,ONGOING,11-03-2026,2
1413,WP,14461,2023,WP/14461/2023,ONGOING,12-03-2026,1
1414,WP,17352,2024,WP/17352/2024,ONGOING,12-03-2026,1
1415,WP,2383,2026,WP/2383/2026,ONGOING,12-03-2026,1
1416,CP,539,2023,CP/539/2023,ONGOING,13-03-2026,1
1417,WP,12489,2023,WP/12489/2023,ONGOING,13-03-2026,1
1418,WP,13315,2024,WP/13315/2024,ONGOING,13-03-2026,1
1419,WP,3168,2026,WP/3168/2026,ONGOING,13-03-2026,1
1420,WP,3190,2026,WP/3190/2026,DISPOSED,13-03-2026,1
1421,IA,2106,2026,IA/2106/2026,ONGOING,16-03-2026,1
1422,WP,1799,2026,WP/1799/2026,ONGOING,16-03-2026,2
1423,WP,9712,2015,WP/9712/2015,ONGOING,16-03-2026,1
1424,CP,235,2024,CP/235/2024,ONGOING,17-03-2026,1
1425,WP,14360,2024,WP/14360/2024,ONGOING,17-03-2026,1
1426,WP,3815,2025,WP/3815/2025,ONGOING,17-03-2026,1
1427,WP,1361,2026,WP/1361/2026,DISPOSED,18-03-2026,1
1428,WP,2636,2026,WP/2636/2026,ONGOING,18-03-2026,1
1429,WP,3261,2026,WP/3261/2026,ONGOING,18-03-2026,1
1430,WP,2631,2026,WP/2631/2026,DISPOSED,23-03-2026,1
1431,WP,12046,2012,WP/12046/2012,ONGOING,24-03-2026,1
1432,WP,15842,2024,WP/15842/2024,ONGOING,25-03-2026,1
1433,WP,1968,2026,WP/1968/2026,ONGOING,25-03-2026,1
1434,WP,5838,2010,WP/5838/2010,ONGOING,25-03-2026,1
1435,WP,14248,2025,WP/14248/2025,ONGOING,26-03-2026,1
1436,WP,17081,2025,WP/17081/2025,ONGOING,26-03-2026,1
1437,WP,3060,2026,WP/3060/2026,ONGOING,26-03-2026,1
1438,WP,3122,2026,WP/3122/2026,ONGOING,26-03-2026,1
1439,WP,3710,2026,WP/3710/2026,ONGOING,26-03-2026,1
1440,WP,3736,2026,WP/3736/2026,ONGOING,26-03-2026,1
1441,WP,1426,2026,WP/1426/2026,ONGOING,27-03-2026,1
1442,WP,2336,2026,WP/2336/2026,ONGOING,27-03-2026,1
1443,WP,15514,2024,WP/15514/2024,ONGOING,30-03-2026,1
1444,WP,3461,2026,WP/3461/2026,ONGOING,30-03-2026,1
